ISO-10303-21;
HEADER;
/* Generated by software containing ST-Developer
 * from STEP Tools, Inc. (www.steptools.com) 
 */

FILE_DESCRIPTION(
/* description */ (''),
/* implementation_level */ '2;1');

FILE_NAME(
/* name */ 'plate v2.step',
/* time_stamp */ '2026-08-12T18:23:18-04:00',
/* author */ (''),
/* organization */ (''),
/* preprocessor_version */ 'ST-DEVELOPER v20.1',
/* originating_system */ 'Autodesk Translation Framework v15.8.0.0',
/* authorisation */ '');

FILE_SCHEMA (('AUTOMOTIVE_DESIGN { 1 0 10303 214 3 1 1 }'));
ENDSEC;

DATA;
#10=MECHANICAL_DESIGN_GEOMETRIC_PRESENTATION_REPRESENTATION('',(#13),#6138);
#11=SHAPE_REPRESENTATION_RELATIONSHIP('SRR','None',#6145,#12);
#12=ADVANCED_BREP_SHAPE_REPRESENTATION('',(#14),#6137);
#13=STYLED_ITEM('',(#6154),#14);
#14=MANIFOLD_SOLID_BREP('Body7',#3758);
#15=CIRCLE('',#3787,0.499999999999994);
#16=CIRCLE('',#3788,0.499999999999994);
#17=CIRCLE('',#3791,0.499999999999998);
#18=CIRCLE('',#3792,0.499999999999998);
#19=CIRCLE('',#3795,0.499999999999998);
#20=CIRCLE('',#3796,0.499999999999998);
#21=CIRCLE('',#3799,0.499999999999998);
#22=CIRCLE('',#3800,0.499999999999998);
#23=CIRCLE('',#3808,1.7);
#24=CIRCLE('',#3809,1.7);
#25=CIRCLE('',#3824,0.499999999999998);
#26=CIRCLE('',#3825,0.499999999999998);
#27=CIRCLE('',#3828,0.499999999999998);
#28=CIRCLE('',#3829,0.499999999999998);
#29=CIRCLE('',#3832,0.499999999999998);
#30=CIRCLE('',#3833,0.499999999999998);
#31=CIRCLE('',#3836,0.499999999999999);
#32=CIRCLE('',#3837,0.499999999999999);
#33=CIRCLE('',#3844,0.499999999999998);
#34=CIRCLE('',#3845,0.499999999999998);
#35=CIRCLE('',#3848,0.499999999999998);
#36=CIRCLE('',#3849,0.499999999999998);
#37=CIRCLE('',#3852,0.499999999999998);
#38=CIRCLE('',#3853,0.499999999999998);
#39=CIRCLE('',#3856,0.499999999999998);
#40=CIRCLE('',#3857,0.499999999999998);
#41=CIRCLE('',#3860,0.499999999999998);
#42=CIRCLE('',#3861,0.499999999999998);
#43=CIRCLE('',#3864,0.499999999999998);
#44=CIRCLE('',#3865,0.499999999999998);
#45=CIRCLE('',#3868,0.499999999999998);
#46=CIRCLE('',#3869,0.499999999999998);
#47=CIRCLE('',#3872,0.499999999999998);
#48=CIRCLE('',#3873,0.499999999999998);
#49=CIRCLE('',#3876,0.499999999999998);
#50=CIRCLE('',#3877,0.499999999999998);
#51=CIRCLE('',#3880,0.499999999999998);
#52=CIRCLE('',#3881,0.499999999999998);
#53=CIRCLE('',#3884,0.499999999999998);
#54=CIRCLE('',#3885,0.499999999999998);
#55=CIRCLE('',#3888,0.499999999999998);
#56=CIRCLE('',#3889,0.499999999999998);
#57=CIRCLE('',#3891,1.7);
#58=CIRCLE('',#3892,1.7);
#59=CIRCLE('',#3895,0.499999999999998);
#60=CIRCLE('',#3896,0.499999999999998);
#61=CIRCLE('',#3899,0.499999999999998);
#62=CIRCLE('',#3900,0.499999999999998);
#63=CIRCLE('',#3903,0.499999999999998);
#64=CIRCLE('',#3904,0.499999999999998);
#65=CIRCLE('',#3907,0.499999999999998);
#66=CIRCLE('',#3908,0.499999999999998);
#67=CIRCLE('',#3911,0.499999999999996);
#68=CIRCLE('',#3912,0.499999999999996);
#69=CIRCLE('',#3915,0.499999999999998);
#70=CIRCLE('',#3916,0.499999999999998);
#71=CIRCLE('',#3919,0.499999999999998);
#72=CIRCLE('',#3920,0.499999999999998);
#73=CIRCLE('',#3923,0.499999999999998);
#74=CIRCLE('',#3924,0.499999999999998);
#75=CIRCLE('',#3927,0.499999999999999);
#76=CIRCLE('',#3928,0.499999999999999);
#77=CIRCLE('',#3931,0.500000000000002);
#78=CIRCLE('',#3932,0.500000000000002);
#79=CIRCLE('',#3935,0.500000000000003);
#80=CIRCLE('',#3936,0.500000000000003);
#81=CIRCLE('',#3939,0.500000000000003);
#82=CIRCLE('',#3940,0.500000000000003);
#83=CIRCLE('',#3959,0.499999999999996);
#84=CIRCLE('',#3960,0.499999999999996);
#85=CIRCLE('',#3963,0.499999999999994);
#86=CIRCLE('',#3964,0.499999999999994);
#87=CIRCLE('',#3967,0.499999999999997);
#88=CIRCLE('',#3968,0.499999999999997);
#89=CIRCLE('',#3971,0.499999999999994);
#90=CIRCLE('',#3972,0.499999999999994);
#91=CIRCLE('',#3974,1.7);
#92=CIRCLE('',#3975,1.7);
#93=CIRCLE('',#3981,1.7);
#94=CIRCLE('',#3982,1.7);
#95=CIRCLE('',#3985,0.499999999999998);
#96=CIRCLE('',#3986,0.499999999999998);
#97=CIRCLE('',#3989,0.499999999999998);
#98=CIRCLE('',#3990,0.499999999999998);
#99=CIRCLE('',#3993,0.5);
#100=CIRCLE('',#3994,0.5);
#101=CIRCLE('',#3997,0.499999999999998);
#102=CIRCLE('',#3998,0.499999999999998);
#103=CIRCLE('',#4001,0.499999999999998);
#104=CIRCLE('',#4002,0.499999999999998);
#105=CIRCLE('',#4005,0.499999999999998);
#106=CIRCLE('',#4006,0.499999999999998);
#107=CIRCLE('',#4009,0.499999999999998);
#108=CIRCLE('',#4010,0.499999999999998);
#109=CIRCLE('',#4013,0.499999999999998);
#110=CIRCLE('',#4014,0.499999999999998);
#111=CIRCLE('',#4021,0.499999999999998);
#112=CIRCLE('',#4022,0.499999999999998);
#113=CIRCLE('',#4025,0.499999999999998);
#114=CIRCLE('',#4026,0.499999999999998);
#115=CIRCLE('',#4029,0.499999999999998);
#116=CIRCLE('',#4030,0.499999999999998);
#117=CIRCLE('',#4033,0.499999999999998);
#118=CIRCLE('',#4034,0.499999999999998);
#119=CIRCLE('',#4044,2.00000000000001);
#120=CIRCLE('',#4045,2.00000000000001);
#121=CIRCLE('',#4051,2.);
#122=CIRCLE('',#4052,2.);
#123=CIRCLE('',#4055,1.99999999999999);
#124=CIRCLE('',#4056,1.99999999999999);
#125=CIRCLE('',#4059,1.99999999999999);
#126=CIRCLE('',#4060,1.99999999999999);
#127=CYLINDRICAL_SURFACE('',#3786,0.499999999999994);
#128=CYLINDRICAL_SURFACE('',#3790,0.499999999999998);
#129=CYLINDRICAL_SURFACE('',#3794,0.499999999999998);
#130=CYLINDRICAL_SURFACE('',#3798,0.499999999999998);
#131=CYLINDRICAL_SURFACE('',#3807,1.7);
#132=CYLINDRICAL_SURFACE('',#3823,0.499999999999998);
#133=CYLINDRICAL_SURFACE('',#3827,0.499999999999998);
#134=CYLINDRICAL_SURFACE('',#3831,0.499999999999998);
#135=CYLINDRICAL_SURFACE('',#3835,0.499999999999999);
#136=CYLINDRICAL_SURFACE('',#3843,0.499999999999998);
#137=CYLINDRICAL_SURFACE('',#3847,0.499999999999998);
#138=CYLINDRICAL_SURFACE('',#3851,0.499999999999998);
#139=CYLINDRICAL_SURFACE('',#3855,0.499999999999998);
#140=CYLINDRICAL_SURFACE('',#3859,0.499999999999998);
#141=CYLINDRICAL_SURFACE('',#3863,0.499999999999998);
#142=CYLINDRICAL_SURFACE('',#3867,0.499999999999998);
#143=CYLINDRICAL_SURFACE('',#3871,0.499999999999998);
#144=CYLINDRICAL_SURFACE('',#3875,0.499999999999998);
#145=CYLINDRICAL_SURFACE('',#3879,0.499999999999998);
#146=CYLINDRICAL_SURFACE('',#3883,0.499999999999998);
#147=CYLINDRICAL_SURFACE('',#3887,0.499999999999998);
#148=CYLINDRICAL_SURFACE('',#3890,1.7);
#149=CYLINDRICAL_SURFACE('',#3894,0.499999999999998);
#150=CYLINDRICAL_SURFACE('',#3898,0.499999999999998);
#151=CYLINDRICAL_SURFACE('',#3902,0.499999999999998);
#152=CYLINDRICAL_SURFACE('',#3906,0.499999999999998);
#153=CYLINDRICAL_SURFACE('',#3910,0.499999999999996);
#154=CYLINDRICAL_SURFACE('',#3914,0.499999999999998);
#155=CYLINDRICAL_SURFACE('',#3918,0.499999999999998);
#156=CYLINDRICAL_SURFACE('',#3922,0.499999999999998);
#157=CYLINDRICAL_SURFACE('',#3926,0.499999999999999);
#158=CYLINDRICAL_SURFACE('',#3930,0.500000000000002);
#159=CYLINDRICAL_SURFACE('',#3934,0.500000000000003);
#160=CYLINDRICAL_SURFACE('',#3938,0.500000000000003);
#161=CYLINDRICAL_SURFACE('',#3958,0.499999999999996);
#162=CYLINDRICAL_SURFACE('',#3962,0.499999999999994);
#163=CYLINDRICAL_SURFACE('',#3966,0.499999999999997);
#164=CYLINDRICAL_SURFACE('',#3970,0.499999999999994);
#165=CYLINDRICAL_SURFACE('',#3973,1.7);
#166=CYLINDRICAL_SURFACE('',#3980,1.7);
#167=CYLINDRICAL_SURFACE('',#3984,0.499999999999998);
#168=CYLINDRICAL_SURFACE('',#3988,0.499999999999998);
#169=CYLINDRICAL_SURFACE('',#3992,0.5);
#170=CYLINDRICAL_SURFACE('',#3996,0.499999999999998);
#171=CYLINDRICAL_SURFACE('',#4000,0.499999999999998);
#172=CYLINDRICAL_SURFACE('',#4004,0.499999999999998);
#173=CYLINDRICAL_SURFACE('',#4008,0.499999999999998);
#174=CYLINDRICAL_SURFACE('',#4012,0.499999999999998);
#175=CYLINDRICAL_SURFACE('',#4020,0.499999999999998);
#176=CYLINDRICAL_SURFACE('',#4024,0.499999999999998);
#177=CYLINDRICAL_SURFACE('',#4028,0.499999999999998);
#178=CYLINDRICAL_SURFACE('',#4032,0.499999999999998);
#179=CYLINDRICAL_SURFACE('',#4043,2.00000000000001);
#180=CYLINDRICAL_SURFACE('',#4050,2.);
#181=CYLINDRICAL_SURFACE('',#4054,1.99999999999999);
#182=CYLINDRICAL_SURFACE('',#4058,1.99999999999999);
#183=FACE_BOUND('',#431,.T.);
#184=FACE_BOUND('',#606,.T.);
#185=FACE_BOUND('',#607,.T.);
#186=FACE_BOUND('',#608,.T.);
#187=FACE_BOUND('',#609,.T.);
#188=FACE_BOUND('',#610,.T.);
#189=FACE_BOUND('',#611,.T.);
#190=FACE_BOUND('',#612,.T.);
#191=FACE_BOUND('',#613,.T.);
#192=FACE_BOUND('',#614,.T.);
#193=FACE_BOUND('',#615,.T.);
#194=FACE_BOUND('',#616,.T.);
#195=FACE_BOUND('',#617,.T.);
#196=FACE_BOUND('',#618,.T.);
#197=FACE_BOUND('',#619,.T.);
#198=FACE_BOUND('',#620,.T.);
#199=FACE_BOUND('',#621,.T.);
#200=FACE_BOUND('',#622,.T.);
#201=FACE_BOUND('',#623,.T.);
#202=FACE_BOUND('',#624,.T.);
#203=FACE_BOUND('',#625,.T.);
#204=FACE_BOUND('',#626,.T.);
#205=FACE_BOUND('',#627,.T.);
#206=FACE_BOUND('',#628,.T.);
#207=FACE_BOUND('',#629,.T.);
#208=FACE_BOUND('',#630,.T.);
#209=FACE_BOUND('',#631,.T.);
#210=FACE_BOUND('',#632,.T.);
#211=FACE_BOUND('',#633,.T.);
#212=FACE_BOUND('',#634,.T.);
#213=FACE_BOUND('',#635,.T.);
#214=FACE_BOUND('',#636,.T.);
#215=FACE_BOUND('',#638,.T.);
#216=FACE_BOUND('',#639,.T.);
#217=FACE_BOUND('',#640,.T.);
#218=FACE_BOUND('',#641,.T.);
#219=FACE_BOUND('',#642,.T.);
#220=FACE_BOUND('',#643,.T.);
#221=FACE_BOUND('',#644,.T.);
#222=FACE_BOUND('',#645,.T.);
#223=FACE_BOUND('',#646,.T.);
#224=FACE_BOUND('',#647,.T.);
#225=FACE_BOUND('',#648,.T.);
#226=FACE_BOUND('',#649,.T.);
#227=FACE_BOUND('',#650,.T.);
#228=FACE_BOUND('',#651,.T.);
#229=FACE_BOUND('',#652,.T.);
#230=FACE_BOUND('',#653,.T.);
#231=FACE_BOUND('',#654,.T.);
#232=FACE_BOUND('',#655,.T.);
#233=FACE_BOUND('',#656,.T.);
#234=FACE_BOUND('',#657,.T.);
#235=FACE_BOUND('',#658,.T.);
#236=FACE_BOUND('',#659,.T.);
#237=FACE_BOUND('',#660,.T.);
#238=FACE_BOUND('',#661,.T.);
#239=FACE_BOUND('',#662,.T.);
#240=FACE_BOUND('',#663,.T.);
#241=FACE_BOUND('',#664,.T.);
#242=FACE_BOUND('',#665,.T.);
#243=FACE_BOUND('',#666,.T.);
#244=FACE_BOUND('',#667,.T.);
#245=FACE_BOUND('',#668,.T.);
#246=FACE_OUTER_BOUND('',#426,.T.);
#247=FACE_OUTER_BOUND('',#427,.T.);
#248=FACE_OUTER_BOUND('',#428,.T.);
#249=FACE_OUTER_BOUND('',#429,.T.);
#250=FACE_OUTER_BOUND('',#430,.T.);
#251=FACE_OUTER_BOUND('',#432,.T.);
#252=FACE_OUTER_BOUND('',#433,.T.);
#253=FACE_OUTER_BOUND('',#434,.T.);
#254=FACE_OUTER_BOUND('',#435,.T.);
#255=FACE_OUTER_BOUND('',#436,.T.);
#256=FACE_OUTER_BOUND('',#437,.T.);
#257=FACE_OUTER_BOUND('',#438,.T.);
#258=FACE_OUTER_BOUND('',#439,.T.);
#259=FACE_OUTER_BOUND('',#440,.T.);
#260=FACE_OUTER_BOUND('',#441,.T.);
#261=FACE_OUTER_BOUND('',#442,.T.);
#262=FACE_OUTER_BOUND('',#443,.T.);
#263=FACE_OUTER_BOUND('',#444,.T.);
#264=FACE_OUTER_BOUND('',#445,.T.);
#265=FACE_OUTER_BOUND('',#446,.T.);
#266=FACE_OUTER_BOUND('',#447,.T.);
#267=FACE_OUTER_BOUND('',#448,.T.);
#268=FACE_OUTER_BOUND('',#449,.T.);
#269=FACE_OUTER_BOUND('',#450,.T.);
#270=FACE_OUTER_BOUND('',#451,.T.);
#271=FACE_OUTER_BOUND('',#452,.T.);
#272=FACE_OUTER_BOUND('',#453,.T.);
#273=FACE_OUTER_BOUND('',#454,.T.);
#274=FACE_OUTER_BOUND('',#455,.T.);
#275=FACE_OUTER_BOUND('',#456,.T.);
#276=FACE_OUTER_BOUND('',#457,.T.);
#277=FACE_OUTER_BOUND('',#458,.T.);
#278=FACE_OUTER_BOUND('',#459,.T.);
#279=FACE_OUTER_BOUND('',#460,.T.);
#280=FACE_OUTER_BOUND('',#461,.T.);
#281=FACE_OUTER_BOUND('',#462,.T.);
#282=FACE_OUTER_BOUND('',#463,.T.);
#283=FACE_OUTER_BOUND('',#464,.T.);
#284=FACE_OUTER_BOUND('',#465,.T.);
#285=FACE_OUTER_BOUND('',#466,.T.);
#286=FACE_OUTER_BOUND('',#467,.T.);
#287=FACE_OUTER_BOUND('',#468,.T.);
#288=FACE_OUTER_BOUND('',#469,.T.);
#289=FACE_OUTER_BOUND('',#470,.T.);
#290=FACE_OUTER_BOUND('',#471,.T.);
#291=FACE_OUTER_BOUND('',#472,.T.);
#292=FACE_OUTER_BOUND('',#473,.T.);
#293=FACE_OUTER_BOUND('',#474,.T.);
#294=FACE_OUTER_BOUND('',#475,.T.);
#295=FACE_OUTER_BOUND('',#476,.T.);
#296=FACE_OUTER_BOUND('',#477,.T.);
#297=FACE_OUTER_BOUND('',#478,.T.);
#298=FACE_OUTER_BOUND('',#479,.T.);
#299=FACE_OUTER_BOUND('',#480,.T.);
#300=FACE_OUTER_BOUND('',#481,.T.);
#301=FACE_OUTER_BOUND('',#482,.T.);
#302=FACE_OUTER_BOUND('',#483,.T.);
#303=FACE_OUTER_BOUND('',#484,.T.);
#304=FACE_OUTER_BOUND('',#485,.T.);
#305=FACE_OUTER_BOUND('',#486,.T.);
#306=FACE_OUTER_BOUND('',#487,.T.);
#307=FACE_OUTER_BOUND('',#488,.T.);
#308=FACE_OUTER_BOUND('',#489,.T.);
#309=FACE_OUTER_BOUND('',#490,.T.);
#310=FACE_OUTER_BOUND('',#491,.T.);
#311=FACE_OUTER_BOUND('',#492,.T.);
#312=FACE_OUTER_BOUND('',#493,.T.);
#313=FACE_OUTER_BOUND('',#494,.T.);
#314=FACE_OUTER_BOUND('',#495,.T.);
#315=FACE_OUTER_BOUND('',#496,.T.);
#316=FACE_OUTER_BOUND('',#497,.T.);
#317=FACE_OUTER_BOUND('',#498,.T.);
#318=FACE_OUTER_BOUND('',#499,.T.);
#319=FACE_OUTER_BOUND('',#500,.T.);
#320=FACE_OUTER_BOUND('',#501,.T.);
#321=FACE_OUTER_BOUND('',#502,.T.);
#322=FACE_OUTER_BOUND('',#503,.T.);
#323=FACE_OUTER_BOUND('',#504,.T.);
#324=FACE_OUTER_BOUND('',#505,.T.);
#325=FACE_OUTER_BOUND('',#506,.T.);
#326=FACE_OUTER_BOUND('',#507,.T.);
#327=FACE_OUTER_BOUND('',#508,.T.);
#328=FACE_OUTER_BOUND('',#509,.T.);
#329=FACE_OUTER_BOUND('',#510,.T.);
#330=FACE_OUTER_BOUND('',#511,.T.);
#331=FACE_OUTER_BOUND('',#512,.T.);
#332=FACE_OUTER_BOUND('',#513,.T.);
#333=FACE_OUTER_BOUND('',#514,.T.);
#334=FACE_OUTER_BOUND('',#515,.T.);
#335=FACE_OUTER_BOUND('',#516,.T.);
#336=FACE_OUTER_BOUND('',#517,.T.);
#337=FACE_OUTER_BOUND('',#518,.T.);
#338=FACE_OUTER_BOUND('',#519,.T.);
#339=FACE_OUTER_BOUND('',#520,.T.);
#340=FACE_OUTER_BOUND('',#521,.T.);
#341=FACE_OUTER_BOUND('',#522,.T.);
#342=FACE_OUTER_BOUND('',#523,.T.);
#343=FACE_OUTER_BOUND('',#524,.T.);
#344=FACE_OUTER_BOUND('',#525,.T.);
#345=FACE_OUTER_BOUND('',#526,.T.);
#346=FACE_OUTER_BOUND('',#527,.T.);
#347=FACE_OUTER_BOUND('',#528,.T.);
#348=FACE_OUTER_BOUND('',#529,.T.);
#349=FACE_OUTER_BOUND('',#530,.T.);
#350=FACE_OUTER_BOUND('',#531,.T.);
#351=FACE_OUTER_BOUND('',#532,.T.);
#352=FACE_OUTER_BOUND('',#533,.T.);
#353=FACE_OUTER_BOUND('',#534,.T.);
#354=FACE_OUTER_BOUND('',#535,.T.);
#355=FACE_OUTER_BOUND('',#536,.T.);
#356=FACE_OUTER_BOUND('',#537,.T.);
#357=FACE_OUTER_BOUND('',#538,.T.);
#358=FACE_OUTER_BOUND('',#539,.T.);
#359=FACE_OUTER_BOUND('',#540,.T.);
#360=FACE_OUTER_BOUND('',#541,.T.);
#361=FACE_OUTER_BOUND('',#542,.T.);
#362=FACE_OUTER_BOUND('',#543,.T.);
#363=FACE_OUTER_BOUND('',#544,.T.);
#364=FACE_OUTER_BOUND('',#545,.T.);
#365=FACE_OUTER_BOUND('',#546,.T.);
#366=FACE_OUTER_BOUND('',#547,.T.);
#367=FACE_OUTER_BOUND('',#548,.T.);
#368=FACE_OUTER_BOUND('',#549,.T.);
#369=FACE_OUTER_BOUND('',#550,.T.);
#370=FACE_OUTER_BOUND('',#551,.T.);
#371=FACE_OUTER_BOUND('',#552,.T.);
#372=FACE_OUTER_BOUND('',#553,.T.);
#373=FACE_OUTER_BOUND('',#554,.T.);
#374=FACE_OUTER_BOUND('',#555,.T.);
#375=FACE_OUTER_BOUND('',#556,.T.);
#376=FACE_OUTER_BOUND('',#557,.T.);
#377=FACE_OUTER_BOUND('',#558,.T.);
#378=FACE_OUTER_BOUND('',#559,.T.);
#379=FACE_OUTER_BOUND('',#560,.T.);
#380=FACE_OUTER_BOUND('',#561,.T.);
#381=FACE_OUTER_BOUND('',#562,.T.);
#382=FACE_OUTER_BOUND('',#563,.T.);
#383=FACE_OUTER_BOUND('',#564,.T.);
#384=FACE_OUTER_BOUND('',#565,.T.);
#385=FACE_OUTER_BOUND('',#566,.T.);
#386=FACE_OUTER_BOUND('',#567,.T.);
#387=FACE_OUTER_BOUND('',#568,.T.);
#388=FACE_OUTER_BOUND('',#569,.T.);
#389=FACE_OUTER_BOUND('',#570,.T.);
#390=FACE_OUTER_BOUND('',#571,.T.);
#391=FACE_OUTER_BOUND('',#572,.T.);
#392=FACE_OUTER_BOUND('',#573,.T.);
#393=FACE_OUTER_BOUND('',#574,.T.);
#394=FACE_OUTER_BOUND('',#575,.T.);
#395=FACE_OUTER_BOUND('',#576,.T.);
#396=FACE_OUTER_BOUND('',#577,.T.);
#397=FACE_OUTER_BOUND('',#578,.T.);
#398=FACE_OUTER_BOUND('',#579,.T.);
#399=FACE_OUTER_BOUND('',#580,.T.);
#400=FACE_OUTER_BOUND('',#581,.T.);
#401=FACE_OUTER_BOUND('',#582,.T.);
#402=FACE_OUTER_BOUND('',#583,.T.);
#403=FACE_OUTER_BOUND('',#584,.T.);
#404=FACE_OUTER_BOUND('',#585,.T.);
#405=FACE_OUTER_BOUND('',#586,.T.);
#406=FACE_OUTER_BOUND('',#587,.T.);
#407=FACE_OUTER_BOUND('',#588,.T.);
#408=FACE_OUTER_BOUND('',#589,.T.);
#409=FACE_OUTER_BOUND('',#590,.T.);
#410=FACE_OUTER_BOUND('',#591,.T.);
#411=FACE_OUTER_BOUND('',#592,.T.);
#412=FACE_OUTER_BOUND('',#593,.T.);
#413=FACE_OUTER_BOUND('',#594,.T.);
#414=FACE_OUTER_BOUND('',#595,.T.);
#415=FACE_OUTER_BOUND('',#596,.T.);
#416=FACE_OUTER_BOUND('',#597,.T.);
#417=FACE_OUTER_BOUND('',#598,.T.);
#418=FACE_OUTER_BOUND('',#599,.T.);
#419=FACE_OUTER_BOUND('',#600,.T.);
#420=FACE_OUTER_BOUND('',#601,.T.);
#421=FACE_OUTER_BOUND('',#602,.T.);
#422=FACE_OUTER_BOUND('',#603,.T.);
#423=FACE_OUTER_BOUND('',#604,.T.);
#424=FACE_OUTER_BOUND('',#605,.T.);
#425=FACE_OUTER_BOUND('',#637,.T.);
#426=EDGE_LOOP('',(#2392,#2393,#2394,#2395));
#427=EDGE_LOOP('',(#2396,#2397,#2398,#2399));
#428=EDGE_LOOP('',(#2400,#2401,#2402,#2403));
#429=EDGE_LOOP('',(#2404,#2405,#2406,#2407));
#430=EDGE_LOOP('',(#2408,#2409,#2410,#2411));
#431=EDGE_LOOP('',(#2412,#2413,#2414,#2415));
#432=EDGE_LOOP('',(#2416,#2417,#2418,#2419));
#433=EDGE_LOOP('',(#2420,#2421,#2422,#2423));
#434=EDGE_LOOP('',(#2424,#2425,#2426,#2427));
#435=EDGE_LOOP('',(#2428,#2429,#2430,#2431));
#436=EDGE_LOOP('',(#2432,#2433,#2434,#2435));
#437=EDGE_LOOP('',(#2436,#2437,#2438,#2439));
#438=EDGE_LOOP('',(#2440,#2441,#2442,#2443));
#439=EDGE_LOOP('',(#2444,#2445,#2446,#2447));
#440=EDGE_LOOP('',(#2448,#2449,#2450,#2451));
#441=EDGE_LOOP('',(#2452,#2453,#2454,#2455));
#442=EDGE_LOOP('',(#2456,#2457,#2458,#2459));
#443=EDGE_LOOP('',(#2460,#2461,#2462,#2463));
#444=EDGE_LOOP('',(#2464,#2465,#2466,#2467));
#445=EDGE_LOOP('',(#2468,#2469,#2470,#2471));
#446=EDGE_LOOP('',(#2472,#2473,#2474,#2475));
#447=EDGE_LOOP('',(#2476,#2477,#2478,#2479));
#448=EDGE_LOOP('',(#2480,#2481,#2482,#2483));
#449=EDGE_LOOP('',(#2484,#2485,#2486,#2487));
#450=EDGE_LOOP('',(#2488,#2489,#2490,#2491));
#451=EDGE_LOOP('',(#2492,#2493,#2494,#2495));
#452=EDGE_LOOP('',(#2496,#2497,#2498,#2499));
#453=EDGE_LOOP('',(#2500,#2501,#2502,#2503));
#454=EDGE_LOOP('',(#2504,#2505,#2506,#2507));
#455=EDGE_LOOP('',(#2508,#2509,#2510,#2511));
#456=EDGE_LOOP('',(#2512,#2513,#2514,#2515));
#457=EDGE_LOOP('',(#2516,#2517,#2518,#2519));
#458=EDGE_LOOP('',(#2520,#2521,#2522,#2523));
#459=EDGE_LOOP('',(#2524,#2525,#2526,#2527));
#460=EDGE_LOOP('',(#2528,#2529,#2530,#2531));
#461=EDGE_LOOP('',(#2532,#2533,#2534,#2535));
#462=EDGE_LOOP('',(#2536,#2537,#2538,#2539));
#463=EDGE_LOOP('',(#2540,#2541,#2542,#2543));
#464=EDGE_LOOP('',(#2544,#2545,#2546,#2547));
#465=EDGE_LOOP('',(#2548,#2549,#2550,#2551));
#466=EDGE_LOOP('',(#2552,#2553,#2554,#2555));
#467=EDGE_LOOP('',(#2556,#2557,#2558,#2559));
#468=EDGE_LOOP('',(#2560,#2561,#2562,#2563));
#469=EDGE_LOOP('',(#2564,#2565,#2566,#2567));
#470=EDGE_LOOP('',(#2568,#2569,#2570,#2571));
#471=EDGE_LOOP('',(#2572,#2573,#2574,#2575));
#472=EDGE_LOOP('',(#2576,#2577,#2578,#2579));
#473=EDGE_LOOP('',(#2580,#2581,#2582,#2583));
#474=EDGE_LOOP('',(#2584,#2585,#2586,#2587));
#475=EDGE_LOOP('',(#2588,#2589,#2590,#2591));
#476=EDGE_LOOP('',(#2592,#2593,#2594,#2595));
#477=EDGE_LOOP('',(#2596,#2597,#2598,#2599));
#478=EDGE_LOOP('',(#2600,#2601,#2602,#2603));
#479=EDGE_LOOP('',(#2604,#2605,#2606,#2607));
#480=EDGE_LOOP('',(#2608,#2609,#2610,#2611));
#481=EDGE_LOOP('',(#2612,#2613,#2614,#2615));
#482=EDGE_LOOP('',(#2616,#2617,#2618,#2619));
#483=EDGE_LOOP('',(#2620,#2621,#2622,#2623));
#484=EDGE_LOOP('',(#2624,#2625,#2626,#2627));
#485=EDGE_LOOP('',(#2628,#2629,#2630,#2631));
#486=EDGE_LOOP('',(#2632,#2633,#2634,#2635));
#487=EDGE_LOOP('',(#2636,#2637,#2638,#2639));
#488=EDGE_LOOP('',(#2640,#2641,#2642,#2643));
#489=EDGE_LOOP('',(#2644,#2645,#2646,#2647));
#490=EDGE_LOOP('',(#2648,#2649,#2650,#2651));
#491=EDGE_LOOP('',(#2652,#2653,#2654,#2655));
#492=EDGE_LOOP('',(#2656,#2657,#2658,#2659));
#493=EDGE_LOOP('',(#2660,#2661,#2662,#2663));
#494=EDGE_LOOP('',(#2664,#2665,#2666,#2667));
#495=EDGE_LOOP('',(#2668,#2669,#2670,#2671));
#496=EDGE_LOOP('',(#2672,#2673,#2674,#2675));
#497=EDGE_LOOP('',(#2676,#2677,#2678,#2679));
#498=EDGE_LOOP('',(#2680,#2681,#2682,#2683));
#499=EDGE_LOOP('',(#2684,#2685,#2686,#2687));
#500=EDGE_LOOP('',(#2688,#2689,#2690,#2691));
#501=EDGE_LOOP('',(#2692,#2693,#2694,#2695));
#502=EDGE_LOOP('',(#2696,#2697,#2698,#2699));
#503=EDGE_LOOP('',(#2700,#2701,#2702,#2703));
#504=EDGE_LOOP('',(#2704,#2705,#2706,#2707));
#505=EDGE_LOOP('',(#2708,#2709,#2710,#2711));
#506=EDGE_LOOP('',(#2712,#2713,#2714,#2715));
#507=EDGE_LOOP('',(#2716,#2717,#2718,#2719));
#508=EDGE_LOOP('',(#2720,#2721,#2722,#2723));
#509=EDGE_LOOP('',(#2724,#2725,#2726,#2727));
#510=EDGE_LOOP('',(#2728,#2729,#2730,#2731));
#511=EDGE_LOOP('',(#2732,#2733,#2734,#2735));
#512=EDGE_LOOP('',(#2736,#2737,#2738,#2739));
#513=EDGE_LOOP('',(#2740,#2741,#2742,#2743));
#514=EDGE_LOOP('',(#2744,#2745,#2746,#2747));
#515=EDGE_LOOP('',(#2748,#2749,#2750,#2751));
#516=EDGE_LOOP('',(#2752,#2753,#2754,#2755));
#517=EDGE_LOOP('',(#2756,#2757,#2758,#2759));
#518=EDGE_LOOP('',(#2760,#2761,#2762,#2763));
#519=EDGE_LOOP('',(#2764,#2765,#2766,#2767));
#520=EDGE_LOOP('',(#2768,#2769,#2770,#2771));
#521=EDGE_LOOP('',(#2772,#2773,#2774,#2775));
#522=EDGE_LOOP('',(#2776,#2777,#2778,#2779));
#523=EDGE_LOOP('',(#2780,#2781,#2782,#2783));
#524=EDGE_LOOP('',(#2784,#2785,#2786,#2787));
#525=EDGE_LOOP('',(#2788,#2789,#2790,#2791));
#526=EDGE_LOOP('',(#2792,#2793,#2794,#2795));
#527=EDGE_LOOP('',(#2796,#2797,#2798,#2799));
#528=EDGE_LOOP('',(#2800,#2801,#2802,#2803));
#529=EDGE_LOOP('',(#2804,#2805,#2806,#2807));
#530=EDGE_LOOP('',(#2808,#2809,#2810,#2811));
#531=EDGE_LOOP('',(#2812,#2813,#2814,#2815));
#532=EDGE_LOOP('',(#2816,#2817,#2818,#2819));
#533=EDGE_LOOP('',(#2820,#2821,#2822,#2823));
#534=EDGE_LOOP('',(#2824,#2825,#2826,#2827));
#535=EDGE_LOOP('',(#2828,#2829,#2830,#2831));
#536=EDGE_LOOP('',(#2832,#2833,#2834,#2835));
#537=EDGE_LOOP('',(#2836,#2837,#2838,#2839));
#538=EDGE_LOOP('',(#2840,#2841,#2842,#2843));
#539=EDGE_LOOP('',(#2844,#2845,#2846,#2847));
#540=EDGE_LOOP('',(#2848,#2849,#2850,#2851));
#541=EDGE_LOOP('',(#2852,#2853,#2854,#2855));
#542=EDGE_LOOP('',(#2856,#2857,#2858,#2859));
#543=EDGE_LOOP('',(#2860,#2861,#2862,#2863));
#544=EDGE_LOOP('',(#2864,#2865,#2866,#2867));
#545=EDGE_LOOP('',(#2868,#2869,#2870,#2871));
#546=EDGE_LOOP('',(#2872,#2873,#2874,#2875));
#547=EDGE_LOOP('',(#2876,#2877,#2878,#2879));
#548=EDGE_LOOP('',(#2880,#2881,#2882,#2883));
#549=EDGE_LOOP('',(#2884,#2885,#2886,#2887));
#550=EDGE_LOOP('',(#2888,#2889,#2890,#2891));
#551=EDGE_LOOP('',(#2892,#2893,#2894,#2895));
#552=EDGE_LOOP('',(#2896,#2897,#2898,#2899));
#553=EDGE_LOOP('',(#2900,#2901,#2902,#2903));
#554=EDGE_LOOP('',(#2904,#2905,#2906,#2907));
#555=EDGE_LOOP('',(#2908,#2909,#2910,#2911));
#556=EDGE_LOOP('',(#2912,#2913,#2914,#2915));
#557=EDGE_LOOP('',(#2916,#2917,#2918,#2919));
#558=EDGE_LOOP('',(#2920,#2921,#2922,#2923));
#559=EDGE_LOOP('',(#2924,#2925,#2926,#2927));
#560=EDGE_LOOP('',(#2928,#2929,#2930,#2931));
#561=EDGE_LOOP('',(#2932,#2933,#2934,#2935));
#562=EDGE_LOOP('',(#2936,#2937,#2938,#2939));
#563=EDGE_LOOP('',(#2940,#2941,#2942,#2943));
#564=EDGE_LOOP('',(#2944,#2945,#2946,#2947));
#565=EDGE_LOOP('',(#2948,#2949,#2950,#2951));
#566=EDGE_LOOP('',(#2952,#2953,#2954,#2955));
#567=EDGE_LOOP('',(#2956,#2957,#2958,#2959));
#568=EDGE_LOOP('',(#2960,#2961,#2962,#2963));
#569=EDGE_LOOP('',(#2964,#2965,#2966,#2967));
#570=EDGE_LOOP('',(#2968,#2969,#2970,#2971));
#571=EDGE_LOOP('',(#2972,#2973,#2974,#2975));
#572=EDGE_LOOP('',(#2976,#2977,#2978,#2979));
#573=EDGE_LOOP('',(#2980,#2981,#2982,#2983));
#574=EDGE_LOOP('',(#2984,#2985,#2986,#2987));
#575=EDGE_LOOP('',(#2988,#2989,#2990,#2991));
#576=EDGE_LOOP('',(#2992,#2993,#2994,#2995));
#577=EDGE_LOOP('',(#2996,#2997,#2998,#2999));
#578=EDGE_LOOP('',(#3000,#3001,#3002,#3003));
#579=EDGE_LOOP('',(#3004,#3005,#3006,#3007));
#580=EDGE_LOOP('',(#3008,#3009,#3010,#3011));
#581=EDGE_LOOP('',(#3012,#3013,#3014,#3015));
#582=EDGE_LOOP('',(#3016,#3017,#3018,#3019));
#583=EDGE_LOOP('',(#3020,#3021,#3022,#3023));
#584=EDGE_LOOP('',(#3024,#3025,#3026,#3027));
#585=EDGE_LOOP('',(#3028,#3029,#3030,#3031));
#586=EDGE_LOOP('',(#3032,#3033,#3034,#3035));
#587=EDGE_LOOP('',(#3036,#3037,#3038,#3039));
#588=EDGE_LOOP('',(#3040,#3041,#3042,#3043));
#589=EDGE_LOOP('',(#3044,#3045,#3046,#3047));
#590=EDGE_LOOP('',(#3048,#3049,#3050,#3051));
#591=EDGE_LOOP('',(#3052,#3053,#3054,#3055));
#592=EDGE_LOOP('',(#3056,#3057,#3058,#3059));
#593=EDGE_LOOP('',(#3060,#3061,#3062,#3063));
#594=EDGE_LOOP('',(#3064,#3065,#3066,#3067));
#595=EDGE_LOOP('',(#3068,#3069,#3070,#3071));
#596=EDGE_LOOP('',(#3072,#3073,#3074,#3075));
#597=EDGE_LOOP('',(#3076,#3077,#3078,#3079));
#598=EDGE_LOOP('',(#3080,#3081,#3082,#3083));
#599=EDGE_LOOP('',(#3084,#3085,#3086,#3087));
#600=EDGE_LOOP('',(#3088,#3089,#3090,#3091));
#601=EDGE_LOOP('',(#3092,#3093,#3094,#3095));
#602=EDGE_LOOP('',(#3096,#3097,#3098,#3099));
#603=EDGE_LOOP('',(#3100,#3101,#3102,#3103));
#604=EDGE_LOOP('',(#3104,#3105,#3106,#3107));
#605=EDGE_LOOP('',(#3108,#3109,#3110,#3111,#3112,#3113,#3114,#3115,#3116,
#3117,#3118));
#606=EDGE_LOOP('',(#3119,#3120,#3121,#3122));
#607=EDGE_LOOP('',(#3123,#3124,#3125,#3126));
#608=EDGE_LOOP('',(#3127,#3128,#3129,#3130,#3131,#3132,#3133,#3134));
#609=EDGE_LOOP('',(#3135,#3136,#3137,#3138));
#610=EDGE_LOOP('',(#3139,#3140,#3141,#3142,#3143,#3144,#3145,#3146));
#611=EDGE_LOOP('',(#3147,#3148,#3149,#3150,#3151,#3152,#3153,#3154));
#612=EDGE_LOOP('',(#3155));
#613=EDGE_LOOP('',(#3156,#3157,#3158,#3159));
#614=EDGE_LOOP('',(#3160));
#615=EDGE_LOOP('',(#3161,#3162,#3163,#3164,#3165,#3166,#3167,#3168));
#616=EDGE_LOOP('',(#3169,#3170,#3171,#3172));
#617=EDGE_LOOP('',(#3173,#3174,#3175,#3176));
#618=EDGE_LOOP('',(#3177,#3178,#3179,#3180));
#619=EDGE_LOOP('',(#3181,#3182,#3183,#3184));
#620=EDGE_LOOP('',(#3185,#3186,#3187,#3188,#3189,#3190,#3191,#3192));
#621=EDGE_LOOP('',(#3193,#3194,#3195,#3196,#3197,#3198,#3199,#3200));
#622=EDGE_LOOP('',(#3201,#3202,#3203,#3204,#3205,#3206,#3207,#3208));
#623=EDGE_LOOP('',(#3209));
#624=EDGE_LOOP('',(#3210,#3211,#3212,#3213,#3214,#3215,#3216,#3217));
#625=EDGE_LOOP('',(#3218,#3219,#3220,#3221,#3222,#3223,#3224,#3225));
#626=EDGE_LOOP('',(#3226,#3227,#3228,#3229,#3230,#3231,#3232,#3233));
#627=EDGE_LOOP('',(#3234,#3235,#3236,#3237));
#628=EDGE_LOOP('',(#3238,#3239,#3240,#3241,#3242,#3243,#3244,#3245));
#629=EDGE_LOOP('',(#3246,#3247,#3248,#3249));
#630=EDGE_LOOP('',(#3250,#3251,#3252,#3253));
#631=EDGE_LOOP('',(#3254,#3255,#3256,#3257));
#632=EDGE_LOOP('',(#3258));
#633=EDGE_LOOP('',(#3259,#3260,#3261,#3262,#3263,#3264));
#634=EDGE_LOOP('',(#3265,#3266,#3267,#3268,#3269,#3270,#3271,#3272));
#635=EDGE_LOOP('',(#3273,#3274,#3275,#3276));
#636=EDGE_LOOP('',(#3277,#3278,#3279,#3280));
#637=EDGE_LOOP('',(#3281,#3282,#3283,#3284,#3285,#3286,#3287,#3288,#3289,
#3290,#3291));
#638=EDGE_LOOP('',(#3292,#3293,#3294,#3295));
#639=EDGE_LOOP('',(#3296,#3297,#3298,#3299,#3300,#3301,#3302,#3303));
#640=EDGE_LOOP('',(#3304,#3305,#3306,#3307,#3308,#3309));
#641=EDGE_LOOP('',(#3310));
#642=EDGE_LOOP('',(#3311,#3312,#3313,#3314));
#643=EDGE_LOOP('',(#3315,#3316,#3317,#3318));
#644=EDGE_LOOP('',(#3319,#3320,#3321,#3322));
#645=EDGE_LOOP('',(#3323,#3324,#3325,#3326,#3327,#3328,#3329,#3330));
#646=EDGE_LOOP('',(#3331,#3332,#3333,#3334));
#647=EDGE_LOOP('',(#3335,#3336,#3337,#3338,#3339,#3340,#3341,#3342));
#648=EDGE_LOOP('',(#3343,#3344,#3345,#3346,#3347,#3348,#3349,#3350));
#649=EDGE_LOOP('',(#3351,#3352,#3353,#3354,#3355,#3356,#3357,#3358));
#650=EDGE_LOOP('',(#3359));
#651=EDGE_LOOP('',(#3360,#3361,#3362,#3363,#3364,#3365,#3366,#3367));
#652=EDGE_LOOP('',(#3368,#3369,#3370,#3371,#3372,#3373,#3374,#3375));
#653=EDGE_LOOP('',(#3376,#3377,#3378,#3379,#3380,#3381,#3382,#3383));
#654=EDGE_LOOP('',(#3384,#3385,#3386,#3387));
#655=EDGE_LOOP('',(#3388,#3389,#3390,#3391));
#656=EDGE_LOOP('',(#3392,#3393,#3394,#3395));
#657=EDGE_LOOP('',(#3396,#3397,#3398,#3399));
#658=EDGE_LOOP('',(#3400,#3401,#3402,#3403,#3404,#3405,#3406,#3407));
#659=EDGE_LOOP('',(#3408));
#660=EDGE_LOOP('',(#3409,#3410,#3411,#3412));
#661=EDGE_LOOP('',(#3413));
#662=EDGE_LOOP('',(#3414,#3415,#3416,#3417,#3418,#3419,#3420,#3421));
#663=EDGE_LOOP('',(#3422,#3423,#3424,#3425,#3426,#3427,#3428,#3429));
#664=EDGE_LOOP('',(#3430,#3431,#3432,#3433));
#665=EDGE_LOOP('',(#3434,#3435,#3436,#3437,#3438,#3439,#3440,#3441));
#666=EDGE_LOOP('',(#3442,#3443,#3444,#3445));
#667=EDGE_LOOP('',(#3446,#3447,#3448,#3449));
#668=EDGE_LOOP('',(#3450,#3451,#3452,#3453));
#669=LINE('',#5073,#1088);
#670=LINE('',#5075,#1089);
#671=LINE('',#5077,#1090);
#672=LINE('',#5078,#1091);
#673=LINE('',#5081,#1092);
#674=LINE('',#5083,#1093);
#675=LINE('',#5084,#1094);
#676=LINE('',#5087,#1095);
#677=LINE('',#5089,#1096);
#678=LINE('',#5090,#1097);
#679=LINE('',#5092,#1098);
#680=LINE('',#5093,#1099);
#681=LINE('',#5097,#1100);
#682=LINE('',#5099,#1101);
#683=LINE('',#5101,#1102);
#684=LINE('',#5102,#1103);
#685=LINE('',#5105,#1104);
#686=LINE('',#5107,#1105);
#687=LINE('',#5108,#1106);
#688=LINE('',#5111,#1107);
#689=LINE('',#5112,#1108);
#690=LINE('',#5115,#1109);
#691=LINE('',#5116,#1110);
#692=LINE('',#5118,#1111);
#693=LINE('',#5122,#1112);
#694=LINE('',#5124,#1113);
#695=LINE('',#5126,#1114);
#696=LINE('',#5127,#1115);
#697=LINE('',#5130,#1116);
#698=LINE('',#5132,#1117);
#699=LINE('',#5133,#1118);
#700=LINE('',#5136,#1119);
#701=LINE('',#5138,#1120);
#702=LINE('',#5139,#1121);
#703=LINE('',#5141,#1122);
#704=LINE('',#5142,#1123);
#705=LINE('',#5146,#1124);
#706=LINE('',#5148,#1125);
#707=LINE('',#5150,#1126);
#708=LINE('',#5151,#1127);
#709=LINE('',#5157,#1128);
#710=LINE('',#5160,#1129);
#711=LINE('',#5162,#1130);
#712=LINE('',#5163,#1131);
#713=LINE('',#5169,#1132);
#714=LINE('',#5172,#1133);
#715=LINE('',#5174,#1134);
#716=LINE('',#5175,#1135);
#717=LINE('',#5181,#1136);
#718=LINE('',#5184,#1137);
#719=LINE('',#5186,#1138);
#720=LINE('',#5187,#1139);
#721=LINE('',#5194,#1140);
#722=LINE('',#5196,#1141);
#723=LINE('',#5198,#1142);
#724=LINE('',#5199,#1143);
#725=LINE('',#5202,#1144);
#726=LINE('',#5204,#1145);
#727=LINE('',#5205,#1146);
#728=LINE('',#5208,#1147);
#729=LINE('',#5210,#1148);
#730=LINE('',#5211,#1149);
#731=LINE('',#5214,#1150);
#732=LINE('',#5216,#1151);
#733=LINE('',#5217,#1152);
#734=LINE('',#5220,#1153);
#735=LINE('',#5222,#1154);
#736=LINE('',#5223,#1155);
#737=LINE('',#5225,#1156);
#738=LINE('',#5226,#1157);
#739=LINE('',#5231,#1158);
#740=LINE('',#5236,#1159);
#741=LINE('',#5238,#1160);
#742=LINE('',#5240,#1161);
#743=LINE('',#5241,#1162);
#744=LINE('',#5244,#1163);
#745=LINE('',#5246,#1164);
#746=LINE('',#5247,#1165);
#747=LINE('',#5250,#1166);
#748=LINE('',#5252,#1167);
#749=LINE('',#5253,#1168);
#750=LINE('',#5255,#1169);
#751=LINE('',#5256,#1170);
#752=LINE('',#5260,#1171);
#753=LINE('',#5262,#1172);
#754=LINE('',#5264,#1173);
#755=LINE('',#5265,#1174);
#756=LINE('',#5268,#1175);
#757=LINE('',#5270,#1176);
#758=LINE('',#5271,#1177);
#759=LINE('',#5274,#1178);
#760=LINE('',#5276,#1179);
#761=LINE('',#5277,#1180);
#762=LINE('',#5279,#1181);
#763=LINE('',#5280,#1182);
#764=LINE('',#5284,#1183);
#765=LINE('',#5286,#1184);
#766=LINE('',#5288,#1185);
#767=LINE('',#5289,#1186);
#768=LINE('',#5292,#1187);
#769=LINE('',#5294,#1188);
#770=LINE('',#5295,#1189);
#771=LINE('',#5298,#1190);
#772=LINE('',#5300,#1191);
#773=LINE('',#5301,#1192);
#774=LINE('',#5303,#1193);
#775=LINE('',#5304,#1194);
#776=LINE('',#5308,#1195);
#777=LINE('',#5310,#1196);
#778=LINE('',#5312,#1197);
#779=LINE('',#5313,#1198);
#780=LINE('',#5319,#1199);
#781=LINE('',#5322,#1200);
#782=LINE('',#5324,#1201);
#783=LINE('',#5325,#1202);
#784=LINE('',#5331,#1203);
#785=LINE('',#5334,#1204);
#786=LINE('',#5336,#1205);
#787=LINE('',#5337,#1206);
#788=LINE('',#5343,#1207);
#789=LINE('',#5346,#1208);
#790=LINE('',#5348,#1209);
#791=LINE('',#5349,#1210);
#792=LINE('',#5356,#1211);
#793=LINE('',#5358,#1212);
#794=LINE('',#5360,#1213);
#795=LINE('',#5361,#1214);
#796=LINE('',#5364,#1215);
#797=LINE('',#5366,#1216);
#798=LINE('',#5367,#1217);
#799=LINE('',#5370,#1218);
#800=LINE('',#5372,#1219);
#801=LINE('',#5373,#1220);
#802=LINE('',#5375,#1221);
#803=LINE('',#5376,#1222);
#804=LINE('',#5380,#1223);
#805=LINE('',#5382,#1224);
#806=LINE('',#5384,#1225);
#807=LINE('',#5385,#1226);
#808=LINE('',#5391,#1227);
#809=LINE('',#5394,#1228);
#810=LINE('',#5396,#1229);
#811=LINE('',#5397,#1230);
#812=LINE('',#5403,#1231);
#813=LINE('',#5406,#1232);
#814=LINE('',#5408,#1233);
#815=LINE('',#5409,#1234);
#816=LINE('',#5415,#1235);
#817=LINE('',#5418,#1236);
#818=LINE('',#5420,#1237);
#819=LINE('',#5421,#1238);
#820=LINE('',#5428,#1239);
#821=LINE('',#5430,#1240);
#822=LINE('',#5432,#1241);
#823=LINE('',#5433,#1242);
#824=LINE('',#5439,#1243);
#825=LINE('',#5442,#1244);
#826=LINE('',#5444,#1245);
#827=LINE('',#5445,#1246);
#828=LINE('',#5451,#1247);
#829=LINE('',#5454,#1248);
#830=LINE('',#5456,#1249);
#831=LINE('',#5457,#1250);
#832=LINE('',#5463,#1251);
#833=LINE('',#5466,#1252);
#834=LINE('',#5468,#1253);
#835=LINE('',#5469,#1254);
#836=LINE('',#5476,#1255);
#837=LINE('',#5478,#1256);
#838=LINE('',#5480,#1257);
#839=LINE('',#5481,#1258);
#840=LINE('',#5487,#1259);
#841=LINE('',#5490,#1260);
#842=LINE('',#5492,#1261);
#843=LINE('',#5493,#1262);
#844=LINE('',#5499,#1263);
#845=LINE('',#5502,#1264);
#846=LINE('',#5504,#1265);
#847=LINE('',#5505,#1266);
#848=LINE('',#5511,#1267);
#849=LINE('',#5514,#1268);
#850=LINE('',#5516,#1269);
#851=LINE('',#5517,#1270);
#852=LINE('',#5525,#1271);
#853=LINE('',#5530,#1272);
#854=LINE('',#5532,#1273);
#855=LINE('',#5534,#1274);
#856=LINE('',#5535,#1275);
#857=LINE('',#5541,#1276);
#858=LINE('',#5544,#1277);
#859=LINE('',#5546,#1278);
#860=LINE('',#5547,#1279);
#861=LINE('',#5553,#1280);
#862=LINE('',#5556,#1281);
#863=LINE('',#5558,#1282);
#864=LINE('',#5559,#1283);
#865=LINE('',#5565,#1284);
#866=LINE('',#5568,#1285);
#867=LINE('',#5570,#1286);
#868=LINE('',#5571,#1287);
#869=LINE('',#5578,#1288);
#870=LINE('',#5580,#1289);
#871=LINE('',#5582,#1290);
#872=LINE('',#5583,#1291);
#873=LINE('',#5589,#1292);
#874=LINE('',#5592,#1293);
#875=LINE('',#5594,#1294);
#876=LINE('',#5595,#1295);
#877=LINE('',#5601,#1296);
#878=LINE('',#5604,#1297);
#879=LINE('',#5606,#1298);
#880=LINE('',#5607,#1299);
#881=LINE('',#5613,#1300);
#882=LINE('',#5616,#1301);
#883=LINE('',#5618,#1302);
#884=LINE('',#5619,#1303);
#885=LINE('',#5626,#1304);
#886=LINE('',#5628,#1305);
#887=LINE('',#5630,#1306);
#888=LINE('',#5631,#1307);
#889=LINE('',#5637,#1308);
#890=LINE('',#5640,#1309);
#891=LINE('',#5642,#1310);
#892=LINE('',#5643,#1311);
#893=LINE('',#5649,#1312);
#894=LINE('',#5652,#1313);
#895=LINE('',#5654,#1314);
#896=LINE('',#5655,#1315);
#897=LINE('',#5661,#1316);
#898=LINE('',#5664,#1317);
#899=LINE('',#5666,#1318);
#900=LINE('',#5667,#1319);
#901=LINE('',#5674,#1320);
#902=LINE('',#5676,#1321);
#903=LINE('',#5678,#1322);
#904=LINE('',#5679,#1323);
#905=LINE('',#5682,#1324);
#906=LINE('',#5684,#1325);
#907=LINE('',#5685,#1326);
#908=LINE('',#5688,#1327);
#909=LINE('',#5690,#1328);
#910=LINE('',#5691,#1329);
#911=LINE('',#5693,#1330);
#912=LINE('',#5694,#1331);
#913=LINE('',#5698,#1332);
#914=LINE('',#5700,#1333);
#915=LINE('',#5702,#1334);
#916=LINE('',#5703,#1335);
#917=LINE('',#5706,#1336);
#918=LINE('',#5708,#1337);
#919=LINE('',#5709,#1338);
#920=LINE('',#5712,#1339);
#921=LINE('',#5714,#1340);
#922=LINE('',#5715,#1341);
#923=LINE('',#5717,#1342);
#924=LINE('',#5718,#1343);
#925=LINE('',#5722,#1344);
#926=LINE('',#5724,#1345);
#927=LINE('',#5726,#1346);
#928=LINE('',#5727,#1347);
#929=LINE('',#5730,#1348);
#930=LINE('',#5732,#1349);
#931=LINE('',#5733,#1350);
#932=LINE('',#5736,#1351);
#933=LINE('',#5738,#1352);
#934=LINE('',#5739,#1353);
#935=LINE('',#5741,#1354);
#936=LINE('',#5742,#1355);
#937=LINE('',#5746,#1356);
#938=LINE('',#5748,#1357);
#939=LINE('',#5750,#1358);
#940=LINE('',#5751,#1359);
#941=LINE('',#5754,#1360);
#942=LINE('',#5756,#1361);
#943=LINE('',#5757,#1362);
#944=LINE('',#5760,#1363);
#945=LINE('',#5762,#1364);
#946=LINE('',#5763,#1365);
#947=LINE('',#5765,#1366);
#948=LINE('',#5766,#1367);
#949=LINE('',#5770,#1368);
#950=LINE('',#5772,#1369);
#951=LINE('',#5774,#1370);
#952=LINE('',#5775,#1371);
#953=LINE('',#5781,#1372);
#954=LINE('',#5784,#1373);
#955=LINE('',#5786,#1374);
#956=LINE('',#5787,#1375);
#957=LINE('',#5793,#1376);
#958=LINE('',#5796,#1377);
#959=LINE('',#5798,#1378);
#960=LINE('',#5799,#1379);
#961=LINE('',#5805,#1380);
#962=LINE('',#5808,#1381);
#963=LINE('',#5810,#1382);
#964=LINE('',#5811,#1383);
#965=LINE('',#5819,#1384);
#966=LINE('',#5824,#1385);
#967=LINE('',#5826,#1386);
#968=LINE('',#5828,#1387);
#969=LINE('',#5829,#1388);
#970=LINE('',#5832,#1389);
#971=LINE('',#5834,#1390);
#972=LINE('',#5835,#1391);
#973=LINE('',#5838,#1392);
#974=LINE('',#5840,#1393);
#975=LINE('',#5841,#1394);
#976=LINE('',#5843,#1395);
#977=LINE('',#5844,#1396);
#978=LINE('',#5849,#1397);
#979=LINE('',#5854,#1398);
#980=LINE('',#5856,#1399);
#981=LINE('',#5858,#1400);
#982=LINE('',#5859,#1401);
#983=LINE('',#5865,#1402);
#984=LINE('',#5868,#1403);
#985=LINE('',#5870,#1404);
#986=LINE('',#5871,#1405);
#987=LINE('',#5877,#1406);
#988=LINE('',#5880,#1407);
#989=LINE('',#5882,#1408);
#990=LINE('',#5883,#1409);
#991=LINE('',#5889,#1410);
#992=LINE('',#5892,#1411);
#993=LINE('',#5894,#1412);
#994=LINE('',#5895,#1413);
#995=LINE('',#5902,#1414);
#996=LINE('',#5904,#1415);
#997=LINE('',#5906,#1416);
#998=LINE('',#5907,#1417);
#999=LINE('',#5913,#1418);
#1000=LINE('',#5916,#1419);
#1001=LINE('',#5918,#1420);
#1002=LINE('',#5919,#1421);
#1003=LINE('',#5925,#1422);
#1004=LINE('',#5928,#1423);
#1005=LINE('',#5930,#1424);
#1006=LINE('',#5931,#1425);
#1007=LINE('',#5937,#1426);
#1008=LINE('',#5940,#1427);
#1009=LINE('',#5942,#1428);
#1010=LINE('',#5943,#1429);
#1011=LINE('',#5950,#1430);
#1012=LINE('',#5952,#1431);
#1013=LINE('',#5954,#1432);
#1014=LINE('',#5955,#1433);
#1015=LINE('',#5958,#1434);
#1016=LINE('',#5960,#1435);
#1017=LINE('',#5961,#1436);
#1018=LINE('',#5964,#1437);
#1019=LINE('',#5966,#1438);
#1020=LINE('',#5967,#1439);
#1021=LINE('',#5969,#1440);
#1022=LINE('',#5970,#1441);
#1023=LINE('',#5974,#1442);
#1024=LINE('',#5976,#1443);
#1025=LINE('',#5978,#1444);
#1026=LINE('',#5979,#1445);
#1027=LINE('',#5985,#1446);
#1028=LINE('',#5988,#1447);
#1029=LINE('',#5990,#1448);
#1030=LINE('',#5991,#1449);
#1031=LINE('',#5997,#1450);
#1032=LINE('',#6000,#1451);
#1033=LINE('',#6002,#1452);
#1034=LINE('',#6003,#1453);
#1035=LINE('',#6009,#1454);
#1036=LINE('',#6012,#1455);
#1037=LINE('',#6014,#1456);
#1038=LINE('',#6015,#1457);
#1039=LINE('',#6022,#1458);
#1040=LINE('',#6024,#1459);
#1041=LINE('',#6026,#1460);
#1042=LINE('',#6027,#1461);
#1043=LINE('',#6030,#1462);
#1044=LINE('',#6032,#1463);
#1045=LINE('',#6033,#1464);
#1046=LINE('',#6036,#1465);
#1047=LINE('',#6038,#1466);
#1048=LINE('',#6039,#1467);
#1049=LINE('',#6041,#1468);
#1050=LINE('',#6042,#1469);
#1051=LINE('',#6046,#1470);
#1052=LINE('',#6048,#1471);
#1053=LINE('',#6050,#1472);
#1054=LINE('',#6051,#1473);
#1055=LINE('',#6054,#1474);
#1056=LINE('',#6056,#1475);
#1057=LINE('',#6057,#1476);
#1058=LINE('',#6060,#1477);
#1059=LINE('',#6062,#1478);
#1060=LINE('',#6063,#1479);
#1061=LINE('',#6065,#1480);
#1062=LINE('',#6066,#1481);
#1063=LINE('',#6072,#1482);
#1064=LINE('',#6075,#1483);
#1065=LINE('',#6078,#1484);
#1066=LINE('',#6080,#1485);
#1067=LINE('',#6081,#1486);
#1068=LINE('',#6084,#1487);
#1069=LINE('',#6086,#1488);
#1070=LINE('',#6087,#1489);
#1071=LINE('',#6090,#1490);
#1072=LINE('',#6092,#1491);
#1073=LINE('',#6093,#1492);
#1074=LINE('',#6096,#1493);
#1075=LINE('',#6098,#1494);
#1076=LINE('',#6099,#1495);
#1077=LINE('',#6105,#1496);
#1078=LINE('',#6108,#1497);
#1079=LINE('',#6110,#1498);
#1080=LINE('',#6111,#1499);
#1081=LINE('',#6117,#1500);
#1082=LINE('',#6120,#1501);
#1083=LINE('',#6122,#1502);
#1084=LINE('',#6123,#1503);
#1085=LINE('',#6129,#1504);
#1086=LINE('',#6131,#1505);
#1087=LINE('',#6132,#1506);
#1088=VECTOR('',#4068,10.);
#1089=VECTOR('',#4069,10.);
#1090=VECTOR('',#4070,10.);
#1091=VECTOR('',#4071,10.);
#1092=VECTOR('',#4074,10.);
#1093=VECTOR('',#4075,10.);
#1094=VECTOR('',#4076,10.);
#1095=VECTOR('',#4079,10.);
#1096=VECTOR('',#4080,10.);
#1097=VECTOR('',#4081,10.);
#1098=VECTOR('',#4084,10.);
#1099=VECTOR('',#4085,10.);
#1100=VECTOR('',#4088,10.);
#1101=VECTOR('',#4089,10.);
#1102=VECTOR('',#4090,10.);
#1103=VECTOR('',#4091,10.);
#1104=VECTOR('',#4094,10.);
#1105=VECTOR('',#4095,10.);
#1106=VECTOR('',#4096,10.);
#1107=VECTOR('',#4099,10.);
#1108=VECTOR('',#4100,10.);
#1109=VECTOR('',#4103,10.);
#1110=VECTOR('',#4104,10.);
#1111=VECTOR('',#4107,10.);
#1112=VECTOR('',#4110,10.);
#1113=VECTOR('',#4111,10.);
#1114=VECTOR('',#4112,10.);
#1115=VECTOR('',#4113,10.);
#1116=VECTOR('',#4116,10.);
#1117=VECTOR('',#4117,10.);
#1118=VECTOR('',#4118,10.);
#1119=VECTOR('',#4121,10.);
#1120=VECTOR('',#4122,10.);
#1121=VECTOR('',#4123,10.);
#1122=VECTOR('',#4126,10.);
#1123=VECTOR('',#4127,10.);
#1124=VECTOR('',#4130,10.);
#1125=VECTOR('',#4131,10.);
#1126=VECTOR('',#4132,10.);
#1127=VECTOR('',#4133,10.);
#1128=VECTOR('',#4140,10.);
#1129=VECTOR('',#4143,10.);
#1130=VECTOR('',#4144,10.);
#1131=VECTOR('',#4145,10.);
#1132=VECTOR('',#4152,10.);
#1133=VECTOR('',#4155,10.);
#1134=VECTOR('',#4156,10.);
#1135=VECTOR('',#4157,10.);
#1136=VECTOR('',#4164,10.);
#1137=VECTOR('',#4167,10.);
#1138=VECTOR('',#4168,10.);
#1139=VECTOR('',#4169,10.);
#1140=VECTOR('',#4178,10.);
#1141=VECTOR('',#4179,10.);
#1142=VECTOR('',#4180,10.);
#1143=VECTOR('',#4181,10.);
#1144=VECTOR('',#4184,10.);
#1145=VECTOR('',#4185,10.);
#1146=VECTOR('',#4186,10.);
#1147=VECTOR('',#4189,10.);
#1148=VECTOR('',#4190,10.);
#1149=VECTOR('',#4191,10.);
#1150=VECTOR('',#4194,10.);
#1151=VECTOR('',#4195,10.);
#1152=VECTOR('',#4196,10.);
#1153=VECTOR('',#4199,10.);
#1154=VECTOR('',#4200,10.);
#1155=VECTOR('',#4201,10.);
#1156=VECTOR('',#4204,10.);
#1157=VECTOR('',#4205,10.);
#1158=VECTOR('',#4210,1.7);
#1159=VECTOR('',#4215,10.);
#1160=VECTOR('',#4216,10.);
#1161=VECTOR('',#4217,10.);
#1162=VECTOR('',#4218,10.);
#1163=VECTOR('',#4221,10.);
#1164=VECTOR('',#4222,10.);
#1165=VECTOR('',#4223,10.);
#1166=VECTOR('',#4226,10.);
#1167=VECTOR('',#4227,10.);
#1168=VECTOR('',#4228,10.);
#1169=VECTOR('',#4231,10.);
#1170=VECTOR('',#4232,10.);
#1171=VECTOR('',#4235,10.);
#1172=VECTOR('',#4236,10.);
#1173=VECTOR('',#4237,10.);
#1174=VECTOR('',#4238,10.);
#1175=VECTOR('',#4241,10.);
#1176=VECTOR('',#4242,10.);
#1177=VECTOR('',#4243,10.);
#1178=VECTOR('',#4246,10.);
#1179=VECTOR('',#4247,10.);
#1180=VECTOR('',#4248,10.);
#1181=VECTOR('',#4251,10.);
#1182=VECTOR('',#4252,10.);
#1183=VECTOR('',#4255,10.);
#1184=VECTOR('',#4256,10.);
#1185=VECTOR('',#4257,10.);
#1186=VECTOR('',#4258,10.);
#1187=VECTOR('',#4261,10.);
#1188=VECTOR('',#4262,10.);
#1189=VECTOR('',#4263,10.);
#1190=VECTOR('',#4266,10.);
#1191=VECTOR('',#4267,10.);
#1192=VECTOR('',#4268,10.);
#1193=VECTOR('',#4271,10.);
#1194=VECTOR('',#4272,10.);
#1195=VECTOR('',#4275,10.);
#1196=VECTOR('',#4276,10.);
#1197=VECTOR('',#4277,10.);
#1198=VECTOR('',#4278,10.);
#1199=VECTOR('',#4285,10.);
#1200=VECTOR('',#4288,10.);
#1201=VECTOR('',#4289,10.);
#1202=VECTOR('',#4290,10.);
#1203=VECTOR('',#4297,10.);
#1204=VECTOR('',#4300,10.);
#1205=VECTOR('',#4301,10.);
#1206=VECTOR('',#4302,10.);
#1207=VECTOR('',#4309,10.);
#1208=VECTOR('',#4312,10.);
#1209=VECTOR('',#4313,10.);
#1210=VECTOR('',#4314,10.);
#1211=VECTOR('',#4323,10.);
#1212=VECTOR('',#4324,10.);
#1213=VECTOR('',#4325,10.);
#1214=VECTOR('',#4326,10.);
#1215=VECTOR('',#4329,10.);
#1216=VECTOR('',#4330,10.);
#1217=VECTOR('',#4331,10.);
#1218=VECTOR('',#4334,10.);
#1219=VECTOR('',#4335,10.);
#1220=VECTOR('',#4336,10.);
#1221=VECTOR('',#4339,10.);
#1222=VECTOR('',#4340,10.);
#1223=VECTOR('',#4343,10.);
#1224=VECTOR('',#4344,10.);
#1225=VECTOR('',#4345,10.);
#1226=VECTOR('',#4346,10.);
#1227=VECTOR('',#4353,10.);
#1228=VECTOR('',#4356,10.);
#1229=VECTOR('',#4357,10.);
#1230=VECTOR('',#4358,10.);
#1231=VECTOR('',#4365,10.);
#1232=VECTOR('',#4368,10.);
#1233=VECTOR('',#4369,10.);
#1234=VECTOR('',#4370,10.);
#1235=VECTOR('',#4377,10.);
#1236=VECTOR('',#4380,10.);
#1237=VECTOR('',#4381,10.);
#1238=VECTOR('',#4382,10.);
#1239=VECTOR('',#4391,10.);
#1240=VECTOR('',#4392,10.);
#1241=VECTOR('',#4393,10.);
#1242=VECTOR('',#4394,10.);
#1243=VECTOR('',#4401,10.);
#1244=VECTOR('',#4404,10.);
#1245=VECTOR('',#4405,10.);
#1246=VECTOR('',#4406,10.);
#1247=VECTOR('',#4413,10.);
#1248=VECTOR('',#4416,10.);
#1249=VECTOR('',#4417,10.);
#1250=VECTOR('',#4418,10.);
#1251=VECTOR('',#4425,10.);
#1252=VECTOR('',#4428,10.);
#1253=VECTOR('',#4429,10.);
#1254=VECTOR('',#4430,10.);
#1255=VECTOR('',#4439,10.);
#1256=VECTOR('',#4440,10.);
#1257=VECTOR('',#4441,10.);
#1258=VECTOR('',#4442,10.);
#1259=VECTOR('',#4449,10.);
#1260=VECTOR('',#4452,10.);
#1261=VECTOR('',#4453,10.);
#1262=VECTOR('',#4454,10.);
#1263=VECTOR('',#4461,10.);
#1264=VECTOR('',#4464,10.);
#1265=VECTOR('',#4465,10.);
#1266=VECTOR('',#4466,10.);
#1267=VECTOR('',#4473,10.);
#1268=VECTOR('',#4476,10.);
#1269=VECTOR('',#4477,10.);
#1270=VECTOR('',#4478,10.);
#1271=VECTOR('',#4489,1.7);
#1272=VECTOR('',#4494,10.);
#1273=VECTOR('',#4495,10.);
#1274=VECTOR('',#4496,10.);
#1275=VECTOR('',#4497,10.);
#1276=VECTOR('',#4504,10.);
#1277=VECTOR('',#4507,10.);
#1278=VECTOR('',#4508,10.);
#1279=VECTOR('',#4509,10.);
#1280=VECTOR('',#4516,10.);
#1281=VECTOR('',#4519,10.);
#1282=VECTOR('',#4520,10.);
#1283=VECTOR('',#4521,10.);
#1284=VECTOR('',#4528,10.);
#1285=VECTOR('',#4531,10.);
#1286=VECTOR('',#4532,10.);
#1287=VECTOR('',#4533,10.);
#1288=VECTOR('',#4542,10.);
#1289=VECTOR('',#4543,10.);
#1290=VECTOR('',#4544,10.);
#1291=VECTOR('',#4545,10.);
#1292=VECTOR('',#4552,10.);
#1293=VECTOR('',#4555,10.);
#1294=VECTOR('',#4556,10.);
#1295=VECTOR('',#4557,10.);
#1296=VECTOR('',#4564,10.);
#1297=VECTOR('',#4567,10.);
#1298=VECTOR('',#4568,10.);
#1299=VECTOR('',#4569,10.);
#1300=VECTOR('',#4576,10.);
#1301=VECTOR('',#4579,10.);
#1302=VECTOR('',#4580,10.);
#1303=VECTOR('',#4581,10.);
#1304=VECTOR('',#4590,10.);
#1305=VECTOR('',#4591,10.);
#1306=VECTOR('',#4592,10.);
#1307=VECTOR('',#4593,10.);
#1308=VECTOR('',#4600,10.);
#1309=VECTOR('',#4603,10.);
#1310=VECTOR('',#4604,10.);
#1311=VECTOR('',#4605,10.);
#1312=VECTOR('',#4612,10.);
#1313=VECTOR('',#4615,10.);
#1314=VECTOR('',#4616,10.);
#1315=VECTOR('',#4617,10.);
#1316=VECTOR('',#4624,10.);
#1317=VECTOR('',#4627,10.);
#1318=VECTOR('',#4628,10.);
#1319=VECTOR('',#4629,10.);
#1320=VECTOR('',#4638,10.);
#1321=VECTOR('',#4639,10.);
#1322=VECTOR('',#4640,10.);
#1323=VECTOR('',#4641,10.);
#1324=VECTOR('',#4644,10.);
#1325=VECTOR('',#4645,10.);
#1326=VECTOR('',#4646,10.);
#1327=VECTOR('',#4649,10.);
#1328=VECTOR('',#4650,10.);
#1329=VECTOR('',#4651,10.);
#1330=VECTOR('',#4654,10.);
#1331=VECTOR('',#4655,10.);
#1332=VECTOR('',#4658,10.);
#1333=VECTOR('',#4659,10.);
#1334=VECTOR('',#4660,10.);
#1335=VECTOR('',#4661,10.);
#1336=VECTOR('',#4664,10.);
#1337=VECTOR('',#4665,10.);
#1338=VECTOR('',#4666,10.);
#1339=VECTOR('',#4669,10.);
#1340=VECTOR('',#4670,10.);
#1341=VECTOR('',#4671,10.);
#1342=VECTOR('',#4674,10.);
#1343=VECTOR('',#4675,10.);
#1344=VECTOR('',#4678,10.);
#1345=VECTOR('',#4679,10.);
#1346=VECTOR('',#4680,10.);
#1347=VECTOR('',#4681,10.);
#1348=VECTOR('',#4684,10.);
#1349=VECTOR('',#4685,10.);
#1350=VECTOR('',#4686,10.);
#1351=VECTOR('',#4689,10.);
#1352=VECTOR('',#4690,10.);
#1353=VECTOR('',#4691,10.);
#1354=VECTOR('',#4694,10.);
#1355=VECTOR('',#4695,10.);
#1356=VECTOR('',#4698,10.);
#1357=VECTOR('',#4699,10.);
#1358=VECTOR('',#4700,10.);
#1359=VECTOR('',#4701,10.);
#1360=VECTOR('',#4704,10.);
#1361=VECTOR('',#4705,10.);
#1362=VECTOR('',#4706,10.);
#1363=VECTOR('',#4709,10.);
#1364=VECTOR('',#4710,10.);
#1365=VECTOR('',#4711,10.);
#1366=VECTOR('',#4714,10.);
#1367=VECTOR('',#4715,10.);
#1368=VECTOR('',#4718,10.);
#1369=VECTOR('',#4719,10.);
#1370=VECTOR('',#4720,10.);
#1371=VECTOR('',#4721,10.);
#1372=VECTOR('',#4728,10.);
#1373=VECTOR('',#4731,10.);
#1374=VECTOR('',#4732,10.);
#1375=VECTOR('',#4733,10.);
#1376=VECTOR('',#4740,10.);
#1377=VECTOR('',#4743,10.);
#1378=VECTOR('',#4744,10.);
#1379=VECTOR('',#4745,10.);
#1380=VECTOR('',#4752,10.);
#1381=VECTOR('',#4755,10.);
#1382=VECTOR('',#4756,10.);
#1383=VECTOR('',#4757,10.);
#1384=VECTOR('',#4768,1.7);
#1385=VECTOR('',#4773,10.);
#1386=VECTOR('',#4774,10.);
#1387=VECTOR('',#4775,10.);
#1388=VECTOR('',#4776,10.);
#1389=VECTOR('',#4779,10.);
#1390=VECTOR('',#4780,10.);
#1391=VECTOR('',#4781,10.);
#1392=VECTOR('',#4784,10.);
#1393=VECTOR('',#4785,10.);
#1394=VECTOR('',#4786,10.);
#1395=VECTOR('',#4789,10.);
#1396=VECTOR('',#4790,10.);
#1397=VECTOR('',#4795,1.7);
#1398=VECTOR('',#4800,10.);
#1399=VECTOR('',#4801,10.);
#1400=VECTOR('',#4802,10.);
#1401=VECTOR('',#4803,10.);
#1402=VECTOR('',#4810,10.);
#1403=VECTOR('',#4813,10.);
#1404=VECTOR('',#4814,10.);
#1405=VECTOR('',#4815,10.);
#1406=VECTOR('',#4822,10.);
#1407=VECTOR('',#4825,10.);
#1408=VECTOR('',#4826,10.);
#1409=VECTOR('',#4827,10.);
#1410=VECTOR('',#4834,10.);
#1411=VECTOR('',#4837,10.);
#1412=VECTOR('',#4838,10.);
#1413=VECTOR('',#4839,10.);
#1414=VECTOR('',#4848,10.);
#1415=VECTOR('',#4849,10.);
#1416=VECTOR('',#4850,10.);
#1417=VECTOR('',#4851,10.);
#1418=VECTOR('',#4858,10.);
#1419=VECTOR('',#4861,10.);
#1420=VECTOR('',#4862,10.);
#1421=VECTOR('',#4863,10.);
#1422=VECTOR('',#4870,10.);
#1423=VECTOR('',#4873,10.);
#1424=VECTOR('',#4874,10.);
#1425=VECTOR('',#4875,10.);
#1426=VECTOR('',#4882,10.);
#1427=VECTOR('',#4885,10.);
#1428=VECTOR('',#4886,10.);
#1429=VECTOR('',#4887,10.);
#1430=VECTOR('',#4896,10.);
#1431=VECTOR('',#4897,10.);
#1432=VECTOR('',#4898,10.);
#1433=VECTOR('',#4899,10.);
#1434=VECTOR('',#4902,10.);
#1435=VECTOR('',#4903,10.);
#1436=VECTOR('',#4904,10.);
#1437=VECTOR('',#4907,10.);
#1438=VECTOR('',#4908,10.);
#1439=VECTOR('',#4909,10.);
#1440=VECTOR('',#4912,10.);
#1441=VECTOR('',#4913,10.);
#1442=VECTOR('',#4916,10.);
#1443=VECTOR('',#4917,10.);
#1444=VECTOR('',#4918,10.);
#1445=VECTOR('',#4919,10.);
#1446=VECTOR('',#4926,10.);
#1447=VECTOR('',#4929,10.);
#1448=VECTOR('',#4930,10.);
#1449=VECTOR('',#4931,10.);
#1450=VECTOR('',#4938,10.);
#1451=VECTOR('',#4941,10.);
#1452=VECTOR('',#4942,10.);
#1453=VECTOR('',#4943,10.);
#1454=VECTOR('',#4950,10.);
#1455=VECTOR('',#4953,10.);
#1456=VECTOR('',#4954,10.);
#1457=VECTOR('',#4955,10.);
#1458=VECTOR('',#4964,10.);
#1459=VECTOR('',#4965,10.);
#1460=VECTOR('',#4966,10.);
#1461=VECTOR('',#4967,10.);
#1462=VECTOR('',#4970,10.);
#1463=VECTOR('',#4971,10.);
#1464=VECTOR('',#4972,10.);
#1465=VECTOR('',#4975,10.);
#1466=VECTOR('',#4976,10.);
#1467=VECTOR('',#4977,10.);
#1468=VECTOR('',#4980,10.);
#1469=VECTOR('',#4981,10.);
#1470=VECTOR('',#4984,10.);
#1471=VECTOR('',#4985,10.);
#1472=VECTOR('',#4986,10.);
#1473=VECTOR('',#4987,10.);
#1474=VECTOR('',#4990,10.);
#1475=VECTOR('',#4991,10.);
#1476=VECTOR('',#4992,10.);
#1477=VECTOR('',#4995,10.);
#1478=VECTOR('',#4996,10.);
#1479=VECTOR('',#4997,10.);
#1480=VECTOR('',#5000,10.);
#1481=VECTOR('',#5001,10.);
#1482=VECTOR('',#5006,10.);
#1483=VECTOR('',#5009,10.);
#1484=VECTOR('',#5012,10.);
#1485=VECTOR('',#5013,10.);
#1486=VECTOR('',#5014,10.);
#1487=VECTOR('',#5017,10.);
#1488=VECTOR('',#5018,10.);
#1489=VECTOR('',#5019,10.);
#1490=VECTOR('',#5022,10.);
#1491=VECTOR('',#5023,10.);
#1492=VECTOR('',#5024,10.);
#1493=VECTOR('',#5027,10.);
#1494=VECTOR('',#5028,10.);
#1495=VECTOR('',#5029,10.);
#1496=VECTOR('',#5036,10.);
#1497=VECTOR('',#5039,10.);
#1498=VECTOR('',#5040,10.);
#1499=VECTOR('',#5041,10.);
#1500=VECTOR('',#5048,10.);
#1501=VECTOR('',#5051,10.);
#1502=VECTOR('',#5052,10.);
#1503=VECTOR('',#5053,10.);
#1504=VECTOR('',#5060,10.);
#1505=VECTOR('',#5063,10.);
#1506=VECTOR('',#5064,10.);
#1507=VERTEX_POINT('',#5071);
#1508=VERTEX_POINT('',#5072);
#1509=VERTEX_POINT('',#5074);
#1510=VERTEX_POINT('',#5076);
#1511=VERTEX_POINT('',#5080);
#1512=VERTEX_POINT('',#5082);
#1513=VERTEX_POINT('',#5086);
#1514=VERTEX_POINT('',#5088);
#1515=VERTEX_POINT('',#5095);
#1516=VERTEX_POINT('',#5096);
#1517=VERTEX_POINT('',#5098);
#1518=VERTEX_POINT('',#5100);
#1519=VERTEX_POINT('',#5104);
#1520=VERTEX_POINT('',#5106);
#1521=VERTEX_POINT('',#5110);
#1522=VERTEX_POINT('',#5114);
#1523=VERTEX_POINT('',#5120);
#1524=VERTEX_POINT('',#5121);
#1525=VERTEX_POINT('',#5123);
#1526=VERTEX_POINT('',#5125);
#1527=VERTEX_POINT('',#5129);
#1528=VERTEX_POINT('',#5131);
#1529=VERTEX_POINT('',#5135);
#1530=VERTEX_POINT('',#5137);
#1531=VERTEX_POINT('',#5144);
#1532=VERTEX_POINT('',#5145);
#1533=VERTEX_POINT('',#5147);
#1534=VERTEX_POINT('',#5149);
#1535=VERTEX_POINT('',#5153);
#1536=VERTEX_POINT('',#5155);
#1537=VERTEX_POINT('',#5159);
#1538=VERTEX_POINT('',#5161);
#1539=VERTEX_POINT('',#5165);
#1540=VERTEX_POINT('',#5167);
#1541=VERTEX_POINT('',#5171);
#1542=VERTEX_POINT('',#5173);
#1543=VERTEX_POINT('',#5177);
#1544=VERTEX_POINT('',#5179);
#1545=VERTEX_POINT('',#5183);
#1546=VERTEX_POINT('',#5185);
#1547=VERTEX_POINT('',#5192);
#1548=VERTEX_POINT('',#5193);
#1549=VERTEX_POINT('',#5195);
#1550=VERTEX_POINT('',#5197);
#1551=VERTEX_POINT('',#5201);
#1552=VERTEX_POINT('',#5203);
#1553=VERTEX_POINT('',#5207);
#1554=VERTEX_POINT('',#5209);
#1555=VERTEX_POINT('',#5213);
#1556=VERTEX_POINT('',#5215);
#1557=VERTEX_POINT('',#5219);
#1558=VERTEX_POINT('',#5221);
#1559=VERTEX_POINT('',#5228);
#1560=VERTEX_POINT('',#5230);
#1561=VERTEX_POINT('',#5234);
#1562=VERTEX_POINT('',#5235);
#1563=VERTEX_POINT('',#5237);
#1564=VERTEX_POINT('',#5239);
#1565=VERTEX_POINT('',#5243);
#1566=VERTEX_POINT('',#5245);
#1567=VERTEX_POINT('',#5249);
#1568=VERTEX_POINT('',#5251);
#1569=VERTEX_POINT('',#5258);
#1570=VERTEX_POINT('',#5259);
#1571=VERTEX_POINT('',#5261);
#1572=VERTEX_POINT('',#5263);
#1573=VERTEX_POINT('',#5267);
#1574=VERTEX_POINT('',#5269);
#1575=VERTEX_POINT('',#5273);
#1576=VERTEX_POINT('',#5275);
#1577=VERTEX_POINT('',#5282);
#1578=VERTEX_POINT('',#5283);
#1579=VERTEX_POINT('',#5285);
#1580=VERTEX_POINT('',#5287);
#1581=VERTEX_POINT('',#5291);
#1582=VERTEX_POINT('',#5293);
#1583=VERTEX_POINT('',#5297);
#1584=VERTEX_POINT('',#5299);
#1585=VERTEX_POINT('',#5306);
#1586=VERTEX_POINT('',#5307);
#1587=VERTEX_POINT('',#5309);
#1588=VERTEX_POINT('',#5311);
#1589=VERTEX_POINT('',#5315);
#1590=VERTEX_POINT('',#5317);
#1591=VERTEX_POINT('',#5321);
#1592=VERTEX_POINT('',#5323);
#1593=VERTEX_POINT('',#5327);
#1594=VERTEX_POINT('',#5329);
#1595=VERTEX_POINT('',#5333);
#1596=VERTEX_POINT('',#5335);
#1597=VERTEX_POINT('',#5339);
#1598=VERTEX_POINT('',#5341);
#1599=VERTEX_POINT('',#5345);
#1600=VERTEX_POINT('',#5347);
#1601=VERTEX_POINT('',#5354);
#1602=VERTEX_POINT('',#5355);
#1603=VERTEX_POINT('',#5357);
#1604=VERTEX_POINT('',#5359);
#1605=VERTEX_POINT('',#5363);
#1606=VERTEX_POINT('',#5365);
#1607=VERTEX_POINT('',#5369);
#1608=VERTEX_POINT('',#5371);
#1609=VERTEX_POINT('',#5378);
#1610=VERTEX_POINT('',#5379);
#1611=VERTEX_POINT('',#5381);
#1612=VERTEX_POINT('',#5383);
#1613=VERTEX_POINT('',#5387);
#1614=VERTEX_POINT('',#5389);
#1615=VERTEX_POINT('',#5393);
#1616=VERTEX_POINT('',#5395);
#1617=VERTEX_POINT('',#5399);
#1618=VERTEX_POINT('',#5401);
#1619=VERTEX_POINT('',#5405);
#1620=VERTEX_POINT('',#5407);
#1621=VERTEX_POINT('',#5411);
#1622=VERTEX_POINT('',#5413);
#1623=VERTEX_POINT('',#5417);
#1624=VERTEX_POINT('',#5419);
#1625=VERTEX_POINT('',#5426);
#1626=VERTEX_POINT('',#5427);
#1627=VERTEX_POINT('',#5429);
#1628=VERTEX_POINT('',#5431);
#1629=VERTEX_POINT('',#5435);
#1630=VERTEX_POINT('',#5437);
#1631=VERTEX_POINT('',#5441);
#1632=VERTEX_POINT('',#5443);
#1633=VERTEX_POINT('',#5447);
#1634=VERTEX_POINT('',#5449);
#1635=VERTEX_POINT('',#5453);
#1636=VERTEX_POINT('',#5455);
#1637=VERTEX_POINT('',#5459);
#1638=VERTEX_POINT('',#5461);
#1639=VERTEX_POINT('',#5465);
#1640=VERTEX_POINT('',#5467);
#1641=VERTEX_POINT('',#5474);
#1642=VERTEX_POINT('',#5475);
#1643=VERTEX_POINT('',#5477);
#1644=VERTEX_POINT('',#5479);
#1645=VERTEX_POINT('',#5483);
#1646=VERTEX_POINT('',#5485);
#1647=VERTEX_POINT('',#5489);
#1648=VERTEX_POINT('',#5491);
#1649=VERTEX_POINT('',#5495);
#1650=VERTEX_POINT('',#5497);
#1651=VERTEX_POINT('',#5501);
#1652=VERTEX_POINT('',#5503);
#1653=VERTEX_POINT('',#5507);
#1654=VERTEX_POINT('',#5509);
#1655=VERTEX_POINT('',#5513);
#1656=VERTEX_POINT('',#5515);
#1657=VERTEX_POINT('',#5522);
#1658=VERTEX_POINT('',#5524);
#1659=VERTEX_POINT('',#5528);
#1660=VERTEX_POINT('',#5529);
#1661=VERTEX_POINT('',#5531);
#1662=VERTEX_POINT('',#5533);
#1663=VERTEX_POINT('',#5537);
#1664=VERTEX_POINT('',#5539);
#1665=VERTEX_POINT('',#5543);
#1666=VERTEX_POINT('',#5545);
#1667=VERTEX_POINT('',#5549);
#1668=VERTEX_POINT('',#5551);
#1669=VERTEX_POINT('',#5555);
#1670=VERTEX_POINT('',#5557);
#1671=VERTEX_POINT('',#5561);
#1672=VERTEX_POINT('',#5563);
#1673=VERTEX_POINT('',#5567);
#1674=VERTEX_POINT('',#5569);
#1675=VERTEX_POINT('',#5576);
#1676=VERTEX_POINT('',#5577);
#1677=VERTEX_POINT('',#5579);
#1678=VERTEX_POINT('',#5581);
#1679=VERTEX_POINT('',#5585);
#1680=VERTEX_POINT('',#5587);
#1681=VERTEX_POINT('',#5591);
#1682=VERTEX_POINT('',#5593);
#1683=VERTEX_POINT('',#5597);
#1684=VERTEX_POINT('',#5599);
#1685=VERTEX_POINT('',#5603);
#1686=VERTEX_POINT('',#5605);
#1687=VERTEX_POINT('',#5609);
#1688=VERTEX_POINT('',#5611);
#1689=VERTEX_POINT('',#5615);
#1690=VERTEX_POINT('',#5617);
#1691=VERTEX_POINT('',#5624);
#1692=VERTEX_POINT('',#5625);
#1693=VERTEX_POINT('',#5627);
#1694=VERTEX_POINT('',#5629);
#1695=VERTEX_POINT('',#5633);
#1696=VERTEX_POINT('',#5635);
#1697=VERTEX_POINT('',#5639);
#1698=VERTEX_POINT('',#5641);
#1699=VERTEX_POINT('',#5645);
#1700=VERTEX_POINT('',#5647);
#1701=VERTEX_POINT('',#5651);
#1702=VERTEX_POINT('',#5653);
#1703=VERTEX_POINT('',#5657);
#1704=VERTEX_POINT('',#5659);
#1705=VERTEX_POINT('',#5663);
#1706=VERTEX_POINT('',#5665);
#1707=VERTEX_POINT('',#5672);
#1708=VERTEX_POINT('',#5673);
#1709=VERTEX_POINT('',#5675);
#1710=VERTEX_POINT('',#5677);
#1711=VERTEX_POINT('',#5681);
#1712=VERTEX_POINT('',#5683);
#1713=VERTEX_POINT('',#5687);
#1714=VERTEX_POINT('',#5689);
#1715=VERTEX_POINT('',#5696);
#1716=VERTEX_POINT('',#5697);
#1717=VERTEX_POINT('',#5699);
#1718=VERTEX_POINT('',#5701);
#1719=VERTEX_POINT('',#5705);
#1720=VERTEX_POINT('',#5707);
#1721=VERTEX_POINT('',#5711);
#1722=VERTEX_POINT('',#5713);
#1723=VERTEX_POINT('',#5720);
#1724=VERTEX_POINT('',#5721);
#1725=VERTEX_POINT('',#5723);
#1726=VERTEX_POINT('',#5725);
#1727=VERTEX_POINT('',#5729);
#1728=VERTEX_POINT('',#5731);
#1729=VERTEX_POINT('',#5735);
#1730=VERTEX_POINT('',#5737);
#1731=VERTEX_POINT('',#5744);
#1732=VERTEX_POINT('',#5745);
#1733=VERTEX_POINT('',#5747);
#1734=VERTEX_POINT('',#5749);
#1735=VERTEX_POINT('',#5753);
#1736=VERTEX_POINT('',#5755);
#1737=VERTEX_POINT('',#5759);
#1738=VERTEX_POINT('',#5761);
#1739=VERTEX_POINT('',#5768);
#1740=VERTEX_POINT('',#5769);
#1741=VERTEX_POINT('',#5771);
#1742=VERTEX_POINT('',#5773);
#1743=VERTEX_POINT('',#5777);
#1744=VERTEX_POINT('',#5779);
#1745=VERTEX_POINT('',#5783);
#1746=VERTEX_POINT('',#5785);
#1747=VERTEX_POINT('',#5789);
#1748=VERTEX_POINT('',#5791);
#1749=VERTEX_POINT('',#5795);
#1750=VERTEX_POINT('',#5797);
#1751=VERTEX_POINT('',#5801);
#1752=VERTEX_POINT('',#5803);
#1753=VERTEX_POINT('',#5807);
#1754=VERTEX_POINT('',#5809);
#1755=VERTEX_POINT('',#5816);
#1756=VERTEX_POINT('',#5818);
#1757=VERTEX_POINT('',#5822);
#1758=VERTEX_POINT('',#5823);
#1759=VERTEX_POINT('',#5825);
#1760=VERTEX_POINT('',#5827);
#1761=VERTEX_POINT('',#5831);
#1762=VERTEX_POINT('',#5833);
#1763=VERTEX_POINT('',#5837);
#1764=VERTEX_POINT('',#5839);
#1765=VERTEX_POINT('',#5846);
#1766=VERTEX_POINT('',#5848);
#1767=VERTEX_POINT('',#5852);
#1768=VERTEX_POINT('',#5853);
#1769=VERTEX_POINT('',#5855);
#1770=VERTEX_POINT('',#5857);
#1771=VERTEX_POINT('',#5861);
#1772=VERTEX_POINT('',#5863);
#1773=VERTEX_POINT('',#5867);
#1774=VERTEX_POINT('',#5869);
#1775=VERTEX_POINT('',#5873);
#1776=VERTEX_POINT('',#5875);
#1777=VERTEX_POINT('',#5879);
#1778=VERTEX_POINT('',#5881);
#1779=VERTEX_POINT('',#5885);
#1780=VERTEX_POINT('',#5887);
#1781=VERTEX_POINT('',#5891);
#1782=VERTEX_POINT('',#5893);
#1783=VERTEX_POINT('',#5900);
#1784=VERTEX_POINT('',#5901);
#1785=VERTEX_POINT('',#5903);
#1786=VERTEX_POINT('',#5905);
#1787=VERTEX_POINT('',#5909);
#1788=VERTEX_POINT('',#5911);
#1789=VERTEX_POINT('',#5915);
#1790=VERTEX_POINT('',#5917);
#1791=VERTEX_POINT('',#5921);
#1792=VERTEX_POINT('',#5923);
#1793=VERTEX_POINT('',#5927);
#1794=VERTEX_POINT('',#5929);
#1795=VERTEX_POINT('',#5933);
#1796=VERTEX_POINT('',#5935);
#1797=VERTEX_POINT('',#5939);
#1798=VERTEX_POINT('',#5941);
#1799=VERTEX_POINT('',#5948);
#1800=VERTEX_POINT('',#5949);
#1801=VERTEX_POINT('',#5951);
#1802=VERTEX_POINT('',#5953);
#1803=VERTEX_POINT('',#5957);
#1804=VERTEX_POINT('',#5959);
#1805=VERTEX_POINT('',#5963);
#1806=VERTEX_POINT('',#5965);
#1807=VERTEX_POINT('',#5972);
#1808=VERTEX_POINT('',#5973);
#1809=VERTEX_POINT('',#5975);
#1810=VERTEX_POINT('',#5977);
#1811=VERTEX_POINT('',#5981);
#1812=VERTEX_POINT('',#5983);
#1813=VERTEX_POINT('',#5987);
#1814=VERTEX_POINT('',#5989);
#1815=VERTEX_POINT('',#5993);
#1816=VERTEX_POINT('',#5995);
#1817=VERTEX_POINT('',#5999);
#1818=VERTEX_POINT('',#6001);
#1819=VERTEX_POINT('',#6005);
#1820=VERTEX_POINT('',#6007);
#1821=VERTEX_POINT('',#6011);
#1822=VERTEX_POINT('',#6013);
#1823=VERTEX_POINT('',#6020);
#1824=VERTEX_POINT('',#6021);
#1825=VERTEX_POINT('',#6023);
#1826=VERTEX_POINT('',#6025);
#1827=VERTEX_POINT('',#6029);
#1828=VERTEX_POINT('',#6031);
#1829=VERTEX_POINT('',#6035);
#1830=VERTEX_POINT('',#6037);
#1831=VERTEX_POINT('',#6044);
#1832=VERTEX_POINT('',#6045);
#1833=VERTEX_POINT('',#6047);
#1834=VERTEX_POINT('',#6049);
#1835=VERTEX_POINT('',#6053);
#1836=VERTEX_POINT('',#6055);
#1837=VERTEX_POINT('',#6059);
#1838=VERTEX_POINT('',#6061);
#1839=VERTEX_POINT('',#6068);
#1840=VERTEX_POINT('',#6069);
#1841=VERTEX_POINT('',#6071);
#1842=VERTEX_POINT('',#6073);
#1843=VERTEX_POINT('',#6077);
#1844=VERTEX_POINT('',#6079);
#1845=VERTEX_POINT('',#6083);
#1846=VERTEX_POINT('',#6085);
#1847=VERTEX_POINT('',#6089);
#1848=VERTEX_POINT('',#6091);
#1849=VERTEX_POINT('',#6095);
#1850=VERTEX_POINT('',#6097);
#1851=VERTEX_POINT('',#6101);
#1852=VERTEX_POINT('',#6103);
#1853=VERTEX_POINT('',#6107);
#1854=VERTEX_POINT('',#6109);
#1855=VERTEX_POINT('',#6113);
#1856=VERTEX_POINT('',#6115);
#1857=VERTEX_POINT('',#6119);
#1858=VERTEX_POINT('',#6121);
#1859=VERTEX_POINT('',#6125);
#1860=VERTEX_POINT('',#6127);
#1861=EDGE_CURVE('',#1507,#1508,#669,.T.);
#1862=EDGE_CURVE('',#1507,#1509,#670,.T.);
#1863=EDGE_CURVE('',#1509,#1510,#671,.T.);
#1864=EDGE_CURVE('',#1508,#1510,#672,.T.);
#1865=EDGE_CURVE('',#1511,#1507,#673,.T.);
#1866=EDGE_CURVE('',#1511,#1512,#674,.T.);
#1867=EDGE_CURVE('',#1512,#1509,#675,.T.);
#1868=EDGE_CURVE('',#1513,#1511,#676,.T.);
#1869=EDGE_CURVE('',#1513,#1514,#677,.T.);
#1870=EDGE_CURVE('',#1514,#1512,#678,.T.);
#1871=EDGE_CURVE('',#1508,#1513,#679,.T.);
#1872=EDGE_CURVE('',#1510,#1514,#680,.T.);
#1873=EDGE_CURVE('',#1515,#1516,#681,.T.);
#1874=EDGE_CURVE('',#1517,#1515,#682,.T.);
#1875=EDGE_CURVE('',#1518,#1517,#683,.T.);
#1876=EDGE_CURVE('',#1516,#1518,#684,.T.);
#1877=EDGE_CURVE('',#1515,#1519,#685,.T.);
#1878=EDGE_CURVE('',#1520,#1519,#686,.T.);
#1879=EDGE_CURVE('',#1517,#1520,#687,.T.);
#1880=EDGE_CURVE('',#1516,#1521,#688,.T.);
#1881=EDGE_CURVE('',#1519,#1521,#689,.T.);
#1882=EDGE_CURVE('',#1518,#1522,#690,.T.);
#1883=EDGE_CURVE('',#1521,#1522,#691,.T.);
#1884=EDGE_CURVE('',#1522,#1520,#692,.T.);
#1885=EDGE_CURVE('',#1523,#1524,#693,.T.);
#1886=EDGE_CURVE('',#1524,#1525,#694,.T.);
#1887=EDGE_CURVE('',#1526,#1525,#695,.T.);
#1888=EDGE_CURVE('',#1523,#1526,#696,.T.);
#1889=EDGE_CURVE('',#1527,#1523,#697,.T.);
#1890=EDGE_CURVE('',#1528,#1526,#698,.T.);
#1891=EDGE_CURVE('',#1527,#1528,#699,.T.);
#1892=EDGE_CURVE('',#1529,#1527,#700,.T.);
#1893=EDGE_CURVE('',#1530,#1528,#701,.T.);
#1894=EDGE_CURVE('',#1529,#1530,#702,.T.);
#1895=EDGE_CURVE('',#1524,#1529,#703,.T.);
#1896=EDGE_CURVE('',#1525,#1530,#704,.T.);
#1897=EDGE_CURVE('',#1531,#1532,#705,.T.);
#1898=EDGE_CURVE('',#1532,#1533,#706,.T.);
#1899=EDGE_CURVE('',#1534,#1533,#707,.T.);
#1900=EDGE_CURVE('',#1531,#1534,#708,.T.);
#1901=EDGE_CURVE('',#1535,#1531,#15,.T.);
#1902=EDGE_CURVE('',#1536,#1534,#16,.T.);
#1903=EDGE_CURVE('',#1535,#1536,#709,.T.);
#1904=EDGE_CURVE('',#1537,#1535,#710,.T.);
#1905=EDGE_CURVE('',#1538,#1536,#711,.T.);
#1906=EDGE_CURVE('',#1537,#1538,#712,.T.);
#1907=EDGE_CURVE('',#1539,#1537,#17,.T.);
#1908=EDGE_CURVE('',#1540,#1538,#18,.T.);
#1909=EDGE_CURVE('',#1539,#1540,#713,.T.);
#1910=EDGE_CURVE('',#1541,#1539,#714,.T.);
#1911=EDGE_CURVE('',#1542,#1540,#715,.T.);
#1912=EDGE_CURVE('',#1541,#1542,#716,.T.);
#1913=EDGE_CURVE('',#1543,#1541,#19,.T.);
#1914=EDGE_CURVE('',#1544,#1542,#20,.T.);
#1915=EDGE_CURVE('',#1543,#1544,#717,.T.);
#1916=EDGE_CURVE('',#1545,#1543,#718,.T.);
#1917=EDGE_CURVE('',#1546,#1544,#719,.T.);
#1918=EDGE_CURVE('',#1545,#1546,#720,.T.);
#1919=EDGE_CURVE('',#1532,#1545,#21,.T.);
#1920=EDGE_CURVE('',#1533,#1546,#22,.T.);
#1921=EDGE_CURVE('',#1547,#1548,#721,.T.);
#1922=EDGE_CURVE('',#1548,#1549,#722,.T.);
#1923=EDGE_CURVE('',#1550,#1549,#723,.T.);
#1924=EDGE_CURVE('',#1547,#1550,#724,.T.);
#1925=EDGE_CURVE('',#1551,#1547,#725,.T.);
#1926=EDGE_CURVE('',#1552,#1550,#726,.T.);
#1927=EDGE_CURVE('',#1551,#1552,#727,.T.);
#1928=EDGE_CURVE('',#1553,#1551,#728,.T.);
#1929=EDGE_CURVE('',#1554,#1552,#729,.T.);
#1930=EDGE_CURVE('',#1553,#1554,#730,.T.);
#1931=EDGE_CURVE('',#1555,#1553,#731,.T.);
#1932=EDGE_CURVE('',#1556,#1554,#732,.T.);
#1933=EDGE_CURVE('',#1555,#1556,#733,.T.);
#1934=EDGE_CURVE('',#1557,#1555,#734,.T.);
#1935=EDGE_CURVE('',#1558,#1556,#735,.T.);
#1936=EDGE_CURVE('',#1557,#1558,#736,.T.);
#1937=EDGE_CURVE('',#1548,#1557,#737,.T.);
#1938=EDGE_CURVE('',#1549,#1558,#738,.T.);
#1939=EDGE_CURVE('',#1559,#1559,#23,.T.);
#1940=EDGE_CURVE('',#1559,#1560,#739,.T.);
#1941=EDGE_CURVE('',#1560,#1560,#24,.T.);
#1942=EDGE_CURVE('',#1561,#1562,#740,.T.);
#1943=EDGE_CURVE('',#1562,#1563,#741,.T.);
#1944=EDGE_CURVE('',#1564,#1563,#742,.T.);
#1945=EDGE_CURVE('',#1561,#1564,#743,.T.);
#1946=EDGE_CURVE('',#1565,#1561,#744,.T.);
#1947=EDGE_CURVE('',#1566,#1564,#745,.T.);
#1948=EDGE_CURVE('',#1565,#1566,#746,.T.);
#1949=EDGE_CURVE('',#1567,#1565,#747,.T.);
#1950=EDGE_CURVE('',#1568,#1566,#748,.T.);
#1951=EDGE_CURVE('',#1567,#1568,#749,.T.);
#1952=EDGE_CURVE('',#1562,#1567,#750,.T.);
#1953=EDGE_CURVE('',#1563,#1568,#751,.T.);
#1954=EDGE_CURVE('',#1569,#1570,#752,.T.);
#1955=EDGE_CURVE('',#1570,#1571,#753,.T.);
#1956=EDGE_CURVE('',#1572,#1571,#754,.T.);
#1957=EDGE_CURVE('',#1569,#1572,#755,.T.);
#1958=EDGE_CURVE('',#1573,#1569,#756,.T.);
#1959=EDGE_CURVE('',#1574,#1572,#757,.T.);
#1960=EDGE_CURVE('',#1573,#1574,#758,.T.);
#1961=EDGE_CURVE('',#1575,#1573,#759,.T.);
#1962=EDGE_CURVE('',#1576,#1574,#760,.T.);
#1963=EDGE_CURVE('',#1575,#1576,#761,.T.);
#1964=EDGE_CURVE('',#1570,#1575,#762,.T.);
#1965=EDGE_CURVE('',#1571,#1576,#763,.T.);
#1966=EDGE_CURVE('',#1577,#1578,#764,.T.);
#1967=EDGE_CURVE('',#1578,#1579,#765,.T.);
#1968=EDGE_CURVE('',#1580,#1579,#766,.T.);
#1969=EDGE_CURVE('',#1577,#1580,#767,.T.);
#1970=EDGE_CURVE('',#1581,#1577,#768,.T.);
#1971=EDGE_CURVE('',#1582,#1580,#769,.T.);
#1972=EDGE_CURVE('',#1581,#1582,#770,.T.);
#1973=EDGE_CURVE('',#1583,#1581,#771,.T.);
#1974=EDGE_CURVE('',#1584,#1582,#772,.T.);
#1975=EDGE_CURVE('',#1583,#1584,#773,.T.);
#1976=EDGE_CURVE('',#1578,#1583,#774,.T.);
#1977=EDGE_CURVE('',#1579,#1584,#775,.T.);
#1978=EDGE_CURVE('',#1585,#1586,#776,.T.);
#1979=EDGE_CURVE('',#1586,#1587,#777,.T.);
#1980=EDGE_CURVE('',#1588,#1587,#778,.T.);
#1981=EDGE_CURVE('',#1585,#1588,#779,.T.);
#1982=EDGE_CURVE('',#1589,#1585,#25,.T.);
#1983=EDGE_CURVE('',#1590,#1588,#26,.T.);
#1984=EDGE_CURVE('',#1589,#1590,#780,.T.);
#1985=EDGE_CURVE('',#1591,#1589,#781,.T.);
#1986=EDGE_CURVE('',#1592,#1590,#782,.T.);
#1987=EDGE_CURVE('',#1591,#1592,#783,.T.);
#1988=EDGE_CURVE('',#1593,#1591,#27,.T.);
#1989=EDGE_CURVE('',#1594,#1592,#28,.T.);
#1990=EDGE_CURVE('',#1593,#1594,#784,.T.);
#1991=EDGE_CURVE('',#1595,#1593,#785,.T.);
#1992=EDGE_CURVE('',#1596,#1594,#786,.T.);
#1993=EDGE_CURVE('',#1595,#1596,#787,.T.);
#1994=EDGE_CURVE('',#1597,#1595,#29,.T.);
#1995=EDGE_CURVE('',#1598,#1596,#30,.T.);
#1996=EDGE_CURVE('',#1597,#1598,#788,.T.);
#1997=EDGE_CURVE('',#1599,#1597,#789,.T.);
#1998=EDGE_CURVE('',#1600,#1598,#790,.T.);
#1999=EDGE_CURVE('',#1599,#1600,#791,.T.);
#2000=EDGE_CURVE('',#1586,#1599,#31,.T.);
#2001=EDGE_CURVE('',#1587,#1600,#32,.T.);
#2002=EDGE_CURVE('',#1601,#1602,#792,.T.);
#2003=EDGE_CURVE('',#1602,#1603,#793,.T.);
#2004=EDGE_CURVE('',#1604,#1603,#794,.T.);
#2005=EDGE_CURVE('',#1601,#1604,#795,.T.);
#2006=EDGE_CURVE('',#1605,#1601,#796,.T.);
#2007=EDGE_CURVE('',#1606,#1604,#797,.T.);
#2008=EDGE_CURVE('',#1605,#1606,#798,.T.);
#2009=EDGE_CURVE('',#1607,#1605,#799,.T.);
#2010=EDGE_CURVE('',#1608,#1606,#800,.T.);
#2011=EDGE_CURVE('',#1607,#1608,#801,.T.);
#2012=EDGE_CURVE('',#1602,#1607,#802,.T.);
#2013=EDGE_CURVE('',#1603,#1608,#803,.T.);
#2014=EDGE_CURVE('',#1609,#1610,#804,.T.);
#2015=EDGE_CURVE('',#1610,#1611,#805,.T.);
#2016=EDGE_CURVE('',#1612,#1611,#806,.T.);
#2017=EDGE_CURVE('',#1609,#1612,#807,.T.);
#2018=EDGE_CURVE('',#1613,#1609,#33,.T.);
#2019=EDGE_CURVE('',#1614,#1612,#34,.T.);
#2020=EDGE_CURVE('',#1613,#1614,#808,.T.);
#2021=EDGE_CURVE('',#1615,#1613,#809,.T.);
#2022=EDGE_CURVE('',#1616,#1614,#810,.T.);
#2023=EDGE_CURVE('',#1615,#1616,#811,.T.);
#2024=EDGE_CURVE('',#1617,#1615,#35,.T.);
#2025=EDGE_CURVE('',#1618,#1616,#36,.T.);
#2026=EDGE_CURVE('',#1617,#1618,#812,.T.);
#2027=EDGE_CURVE('',#1619,#1617,#813,.T.);
#2028=EDGE_CURVE('',#1620,#1618,#814,.T.);
#2029=EDGE_CURVE('',#1619,#1620,#815,.T.);
#2030=EDGE_CURVE('',#1621,#1619,#37,.T.);
#2031=EDGE_CURVE('',#1622,#1620,#38,.T.);
#2032=EDGE_CURVE('',#1621,#1622,#816,.T.);
#2033=EDGE_CURVE('',#1623,#1621,#817,.T.);
#2034=EDGE_CURVE('',#1624,#1622,#818,.T.);
#2035=EDGE_CURVE('',#1623,#1624,#819,.T.);
#2036=EDGE_CURVE('',#1610,#1623,#39,.T.);
#2037=EDGE_CURVE('',#1611,#1624,#40,.T.);
#2038=EDGE_CURVE('',#1625,#1626,#820,.T.);
#2039=EDGE_CURVE('',#1626,#1627,#821,.T.);
#2040=EDGE_CURVE('',#1628,#1627,#822,.T.);
#2041=EDGE_CURVE('',#1625,#1628,#823,.T.);
#2042=EDGE_CURVE('',#1629,#1625,#41,.T.);
#2043=EDGE_CURVE('',#1630,#1628,#42,.T.);
#2044=EDGE_CURVE('',#1629,#1630,#824,.T.);
#2045=EDGE_CURVE('',#1631,#1629,#825,.T.);
#2046=EDGE_CURVE('',#1632,#1630,#826,.T.);
#2047=EDGE_CURVE('',#1631,#1632,#827,.T.);
#2048=EDGE_CURVE('',#1633,#1631,#43,.T.);
#2049=EDGE_CURVE('',#1634,#1632,#44,.T.);
#2050=EDGE_CURVE('',#1633,#1634,#828,.T.);
#2051=EDGE_CURVE('',#1635,#1633,#829,.T.);
#2052=EDGE_CURVE('',#1636,#1634,#830,.T.);
#2053=EDGE_CURVE('',#1635,#1636,#831,.T.);
#2054=EDGE_CURVE('',#1637,#1635,#45,.T.);
#2055=EDGE_CURVE('',#1638,#1636,#46,.T.);
#2056=EDGE_CURVE('',#1637,#1638,#832,.T.);
#2057=EDGE_CURVE('',#1639,#1637,#833,.T.);
#2058=EDGE_CURVE('',#1640,#1638,#834,.T.);
#2059=EDGE_CURVE('',#1639,#1640,#835,.T.);
#2060=EDGE_CURVE('',#1626,#1639,#47,.T.);
#2061=EDGE_CURVE('',#1627,#1640,#48,.T.);
#2062=EDGE_CURVE('',#1641,#1642,#836,.T.);
#2063=EDGE_CURVE('',#1642,#1643,#837,.T.);
#2064=EDGE_CURVE('',#1644,#1643,#838,.T.);
#2065=EDGE_CURVE('',#1641,#1644,#839,.T.);
#2066=EDGE_CURVE('',#1645,#1641,#49,.T.);
#2067=EDGE_CURVE('',#1646,#1644,#50,.T.);
#2068=EDGE_CURVE('',#1645,#1646,#840,.T.);
#2069=EDGE_CURVE('',#1647,#1645,#841,.T.);
#2070=EDGE_CURVE('',#1648,#1646,#842,.T.);
#2071=EDGE_CURVE('',#1647,#1648,#843,.T.);
#2072=EDGE_CURVE('',#1649,#1647,#51,.T.);
#2073=EDGE_CURVE('',#1650,#1648,#52,.T.);
#2074=EDGE_CURVE('',#1649,#1650,#844,.T.);
#2075=EDGE_CURVE('',#1651,#1649,#845,.T.);
#2076=EDGE_CURVE('',#1652,#1650,#846,.T.);
#2077=EDGE_CURVE('',#1651,#1652,#847,.T.);
#2078=EDGE_CURVE('',#1653,#1651,#53,.T.);
#2079=EDGE_CURVE('',#1654,#1652,#54,.T.);
#2080=EDGE_CURVE('',#1653,#1654,#848,.T.);
#2081=EDGE_CURVE('',#1655,#1653,#849,.T.);
#2082=EDGE_CURVE('',#1656,#1654,#850,.T.);
#2083=EDGE_CURVE('',#1655,#1656,#851,.T.);
#2084=EDGE_CURVE('',#1642,#1655,#55,.T.);
#2085=EDGE_CURVE('',#1643,#1656,#56,.T.);
#2086=EDGE_CURVE('',#1657,#1657,#57,.T.);
#2087=EDGE_CURVE('',#1657,#1658,#852,.T.);
#2088=EDGE_CURVE('',#1658,#1658,#58,.T.);
#2089=EDGE_CURVE('',#1659,#1660,#853,.T.);
#2090=EDGE_CURVE('',#1660,#1661,#854,.T.);
#2091=EDGE_CURVE('',#1662,#1661,#855,.T.);
#2092=EDGE_CURVE('',#1659,#1662,#856,.T.);
#2093=EDGE_CURVE('',#1663,#1659,#59,.T.);
#2094=EDGE_CURVE('',#1664,#1662,#60,.T.);
#2095=EDGE_CURVE('',#1663,#1664,#857,.T.);
#2096=EDGE_CURVE('',#1665,#1663,#858,.T.);
#2097=EDGE_CURVE('',#1666,#1664,#859,.T.);
#2098=EDGE_CURVE('',#1665,#1666,#860,.T.);
#2099=EDGE_CURVE('',#1667,#1665,#61,.T.);
#2100=EDGE_CURVE('',#1668,#1666,#62,.T.);
#2101=EDGE_CURVE('',#1667,#1668,#861,.T.);
#2102=EDGE_CURVE('',#1669,#1667,#862,.T.);
#2103=EDGE_CURVE('',#1670,#1668,#863,.T.);
#2104=EDGE_CURVE('',#1669,#1670,#864,.T.);
#2105=EDGE_CURVE('',#1671,#1669,#63,.T.);
#2106=EDGE_CURVE('',#1672,#1670,#64,.T.);
#2107=EDGE_CURVE('',#1671,#1672,#865,.T.);
#2108=EDGE_CURVE('',#1673,#1671,#866,.T.);
#2109=EDGE_CURVE('',#1674,#1672,#867,.T.);
#2110=EDGE_CURVE('',#1673,#1674,#868,.T.);
#2111=EDGE_CURVE('',#1660,#1673,#65,.T.);
#2112=EDGE_CURVE('',#1661,#1674,#66,.T.);
#2113=EDGE_CURVE('',#1675,#1676,#869,.T.);
#2114=EDGE_CURVE('',#1676,#1677,#870,.T.);
#2115=EDGE_CURVE('',#1678,#1677,#871,.T.);
#2116=EDGE_CURVE('',#1675,#1678,#872,.T.);
#2117=EDGE_CURVE('',#1679,#1675,#67,.T.);
#2118=EDGE_CURVE('',#1680,#1678,#68,.T.);
#2119=EDGE_CURVE('',#1679,#1680,#873,.T.);
#2120=EDGE_CURVE('',#1681,#1679,#874,.T.);
#2121=EDGE_CURVE('',#1682,#1680,#875,.T.);
#2122=EDGE_CURVE('',#1681,#1682,#876,.T.);
#2123=EDGE_CURVE('',#1683,#1681,#69,.T.);
#2124=EDGE_CURVE('',#1684,#1682,#70,.T.);
#2125=EDGE_CURVE('',#1683,#1684,#877,.T.);
#2126=EDGE_CURVE('',#1685,#1683,#878,.T.);
#2127=EDGE_CURVE('',#1686,#1684,#879,.T.);
#2128=EDGE_CURVE('',#1685,#1686,#880,.T.);
#2129=EDGE_CURVE('',#1687,#1685,#71,.T.);
#2130=EDGE_CURVE('',#1688,#1686,#72,.T.);
#2131=EDGE_CURVE('',#1687,#1688,#881,.T.);
#2132=EDGE_CURVE('',#1689,#1687,#882,.T.);
#2133=EDGE_CURVE('',#1690,#1688,#883,.T.);
#2134=EDGE_CURVE('',#1689,#1690,#884,.T.);
#2135=EDGE_CURVE('',#1676,#1689,#73,.T.);
#2136=EDGE_CURVE('',#1677,#1690,#74,.T.);
#2137=EDGE_CURVE('',#1691,#1692,#885,.T.);
#2138=EDGE_CURVE('',#1692,#1693,#886,.T.);
#2139=EDGE_CURVE('',#1694,#1693,#887,.T.);
#2140=EDGE_CURVE('',#1691,#1694,#888,.T.);
#2141=EDGE_CURVE('',#1695,#1691,#75,.T.);
#2142=EDGE_CURVE('',#1696,#1694,#76,.T.);
#2143=EDGE_CURVE('',#1695,#1696,#889,.T.);
#2144=EDGE_CURVE('',#1697,#1695,#890,.T.);
#2145=EDGE_CURVE('',#1698,#1696,#891,.T.);
#2146=EDGE_CURVE('',#1697,#1698,#892,.T.);
#2147=EDGE_CURVE('',#1699,#1697,#77,.T.);
#2148=EDGE_CURVE('',#1700,#1698,#78,.T.);
#2149=EDGE_CURVE('',#1699,#1700,#893,.T.);
#2150=EDGE_CURVE('',#1701,#1699,#894,.T.);
#2151=EDGE_CURVE('',#1702,#1700,#895,.T.);
#2152=EDGE_CURVE('',#1701,#1702,#896,.T.);
#2153=EDGE_CURVE('',#1703,#1701,#79,.T.);
#2154=EDGE_CURVE('',#1704,#1702,#80,.T.);
#2155=EDGE_CURVE('',#1703,#1704,#897,.T.);
#2156=EDGE_CURVE('',#1705,#1703,#898,.T.);
#2157=EDGE_CURVE('',#1706,#1704,#899,.T.);
#2158=EDGE_CURVE('',#1705,#1706,#900,.T.);
#2159=EDGE_CURVE('',#1692,#1705,#81,.T.);
#2160=EDGE_CURVE('',#1693,#1706,#82,.T.);
#2161=EDGE_CURVE('',#1707,#1708,#901,.T.);
#2162=EDGE_CURVE('',#1708,#1709,#902,.T.);
#2163=EDGE_CURVE('',#1710,#1709,#903,.T.);
#2164=EDGE_CURVE('',#1707,#1710,#904,.T.);
#2165=EDGE_CURVE('',#1711,#1707,#905,.T.);
#2166=EDGE_CURVE('',#1712,#1710,#906,.T.);
#2167=EDGE_CURVE('',#1711,#1712,#907,.T.);
#2168=EDGE_CURVE('',#1713,#1711,#908,.T.);
#2169=EDGE_CURVE('',#1714,#1712,#909,.T.);
#2170=EDGE_CURVE('',#1713,#1714,#910,.T.);
#2171=EDGE_CURVE('',#1708,#1713,#911,.T.);
#2172=EDGE_CURVE('',#1709,#1714,#912,.T.);
#2173=EDGE_CURVE('',#1715,#1716,#913,.T.);
#2174=EDGE_CURVE('',#1716,#1717,#914,.T.);
#2175=EDGE_CURVE('',#1718,#1717,#915,.T.);
#2176=EDGE_CURVE('',#1715,#1718,#916,.T.);
#2177=EDGE_CURVE('',#1719,#1715,#917,.T.);
#2178=EDGE_CURVE('',#1720,#1718,#918,.T.);
#2179=EDGE_CURVE('',#1719,#1720,#919,.T.);
#2180=EDGE_CURVE('',#1721,#1719,#920,.T.);
#2181=EDGE_CURVE('',#1722,#1720,#921,.T.);
#2182=EDGE_CURVE('',#1721,#1722,#922,.T.);
#2183=EDGE_CURVE('',#1716,#1721,#923,.T.);
#2184=EDGE_CURVE('',#1717,#1722,#924,.T.);
#2185=EDGE_CURVE('',#1723,#1724,#925,.T.);
#2186=EDGE_CURVE('',#1724,#1725,#926,.T.);
#2187=EDGE_CURVE('',#1726,#1725,#927,.T.);
#2188=EDGE_CURVE('',#1723,#1726,#928,.T.);
#2189=EDGE_CURVE('',#1727,#1723,#929,.T.);
#2190=EDGE_CURVE('',#1728,#1726,#930,.T.);
#2191=EDGE_CURVE('',#1727,#1728,#931,.T.);
#2192=EDGE_CURVE('',#1729,#1727,#932,.T.);
#2193=EDGE_CURVE('',#1730,#1728,#933,.T.);
#2194=EDGE_CURVE('',#1729,#1730,#934,.T.);
#2195=EDGE_CURVE('',#1724,#1729,#935,.T.);
#2196=EDGE_CURVE('',#1725,#1730,#936,.T.);
#2197=EDGE_CURVE('',#1731,#1732,#937,.T.);
#2198=EDGE_CURVE('',#1732,#1733,#938,.T.);
#2199=EDGE_CURVE('',#1734,#1733,#939,.T.);
#2200=EDGE_CURVE('',#1731,#1734,#940,.T.);
#2201=EDGE_CURVE('',#1735,#1731,#941,.T.);
#2202=EDGE_CURVE('',#1736,#1734,#942,.T.);
#2203=EDGE_CURVE('',#1735,#1736,#943,.T.);
#2204=EDGE_CURVE('',#1737,#1735,#944,.T.);
#2205=EDGE_CURVE('',#1738,#1736,#945,.T.);
#2206=EDGE_CURVE('',#1737,#1738,#946,.T.);
#2207=EDGE_CURVE('',#1732,#1737,#947,.T.);
#2208=EDGE_CURVE('',#1733,#1738,#948,.T.);
#2209=EDGE_CURVE('',#1739,#1740,#949,.T.);
#2210=EDGE_CURVE('',#1740,#1741,#950,.T.);
#2211=EDGE_CURVE('',#1742,#1741,#951,.T.);
#2212=EDGE_CURVE('',#1739,#1742,#952,.T.);
#2213=EDGE_CURVE('',#1743,#1739,#83,.T.);
#2214=EDGE_CURVE('',#1744,#1742,#84,.T.);
#2215=EDGE_CURVE('',#1743,#1744,#953,.T.);
#2216=EDGE_CURVE('',#1745,#1743,#954,.T.);
#2217=EDGE_CURVE('',#1746,#1744,#955,.T.);
#2218=EDGE_CURVE('',#1745,#1746,#956,.T.);
#2219=EDGE_CURVE('',#1747,#1745,#85,.T.);
#2220=EDGE_CURVE('',#1748,#1746,#86,.T.);
#2221=EDGE_CURVE('',#1747,#1748,#957,.T.);
#2222=EDGE_CURVE('',#1749,#1747,#958,.T.);
#2223=EDGE_CURVE('',#1750,#1748,#959,.T.);
#2224=EDGE_CURVE('',#1749,#1750,#960,.T.);
#2225=EDGE_CURVE('',#1751,#1749,#87,.T.);
#2226=EDGE_CURVE('',#1752,#1750,#88,.T.);
#2227=EDGE_CURVE('',#1751,#1752,#961,.T.);
#2228=EDGE_CURVE('',#1753,#1751,#962,.T.);
#2229=EDGE_CURVE('',#1754,#1752,#963,.T.);
#2230=EDGE_CURVE('',#1753,#1754,#964,.T.);
#2231=EDGE_CURVE('',#1740,#1753,#89,.T.);
#2232=EDGE_CURVE('',#1741,#1754,#90,.T.);
#2233=EDGE_CURVE('',#1755,#1755,#91,.T.);
#2234=EDGE_CURVE('',#1755,#1756,#965,.T.);
#2235=EDGE_CURVE('',#1756,#1756,#92,.T.);
#2236=EDGE_CURVE('',#1757,#1758,#966,.T.);
#2237=EDGE_CURVE('',#1758,#1759,#967,.T.);
#2238=EDGE_CURVE('',#1760,#1759,#968,.T.);
#2239=EDGE_CURVE('',#1757,#1760,#969,.T.);
#2240=EDGE_CURVE('',#1761,#1757,#970,.T.);
#2241=EDGE_CURVE('',#1762,#1760,#971,.T.);
#2242=EDGE_CURVE('',#1761,#1762,#972,.T.);
#2243=EDGE_CURVE('',#1763,#1761,#973,.T.);
#2244=EDGE_CURVE('',#1764,#1762,#974,.T.);
#2245=EDGE_CURVE('',#1763,#1764,#975,.T.);
#2246=EDGE_CURVE('',#1758,#1763,#976,.T.);
#2247=EDGE_CURVE('',#1759,#1764,#977,.T.);
#2248=EDGE_CURVE('',#1765,#1765,#93,.T.);
#2249=EDGE_CURVE('',#1765,#1766,#978,.T.);
#2250=EDGE_CURVE('',#1766,#1766,#94,.T.);
#2251=EDGE_CURVE('',#1767,#1768,#979,.T.);
#2252=EDGE_CURVE('',#1768,#1769,#980,.T.);
#2253=EDGE_CURVE('',#1770,#1769,#981,.T.);
#2254=EDGE_CURVE('',#1767,#1770,#982,.T.);
#2255=EDGE_CURVE('',#1771,#1767,#95,.T.);
#2256=EDGE_CURVE('',#1772,#1770,#96,.T.);
#2257=EDGE_CURVE('',#1771,#1772,#983,.T.);
#2258=EDGE_CURVE('',#1773,#1771,#984,.T.);
#2259=EDGE_CURVE('',#1774,#1772,#985,.T.);
#2260=EDGE_CURVE('',#1773,#1774,#986,.T.);
#2261=EDGE_CURVE('',#1775,#1773,#97,.T.);
#2262=EDGE_CURVE('',#1776,#1774,#98,.T.);
#2263=EDGE_CURVE('',#1775,#1776,#987,.T.);
#2264=EDGE_CURVE('',#1777,#1775,#988,.T.);
#2265=EDGE_CURVE('',#1778,#1776,#989,.T.);
#2266=EDGE_CURVE('',#1777,#1778,#990,.T.);
#2267=EDGE_CURVE('',#1779,#1777,#99,.T.);
#2268=EDGE_CURVE('',#1780,#1778,#100,.T.);
#2269=EDGE_CURVE('',#1779,#1780,#991,.T.);
#2270=EDGE_CURVE('',#1781,#1779,#992,.T.);
#2271=EDGE_CURVE('',#1782,#1780,#993,.T.);
#2272=EDGE_CURVE('',#1781,#1782,#994,.T.);
#2273=EDGE_CURVE('',#1768,#1781,#101,.T.);
#2274=EDGE_CURVE('',#1769,#1782,#102,.T.);
#2275=EDGE_CURVE('',#1783,#1784,#995,.T.);
#2276=EDGE_CURVE('',#1784,#1785,#996,.T.);
#2277=EDGE_CURVE('',#1786,#1785,#997,.T.);
#2278=EDGE_CURVE('',#1783,#1786,#998,.T.);
#2279=EDGE_CURVE('',#1787,#1783,#103,.T.);
#2280=EDGE_CURVE('',#1788,#1786,#104,.T.);
#2281=EDGE_CURVE('',#1787,#1788,#999,.T.);
#2282=EDGE_CURVE('',#1789,#1787,#1000,.T.);
#2283=EDGE_CURVE('',#1790,#1788,#1001,.T.);
#2284=EDGE_CURVE('',#1789,#1790,#1002,.T.);
#2285=EDGE_CURVE('',#1791,#1789,#105,.T.);
#2286=EDGE_CURVE('',#1792,#1790,#106,.T.);
#2287=EDGE_CURVE('',#1791,#1792,#1003,.T.);
#2288=EDGE_CURVE('',#1793,#1791,#1004,.T.);
#2289=EDGE_CURVE('',#1794,#1792,#1005,.T.);
#2290=EDGE_CURVE('',#1793,#1794,#1006,.T.);
#2291=EDGE_CURVE('',#1795,#1793,#107,.T.);
#2292=EDGE_CURVE('',#1796,#1794,#108,.T.);
#2293=EDGE_CURVE('',#1795,#1796,#1007,.T.);
#2294=EDGE_CURVE('',#1797,#1795,#1008,.T.);
#2295=EDGE_CURVE('',#1798,#1796,#1009,.T.);
#2296=EDGE_CURVE('',#1797,#1798,#1010,.T.);
#2297=EDGE_CURVE('',#1784,#1797,#109,.T.);
#2298=EDGE_CURVE('',#1785,#1798,#110,.T.);
#2299=EDGE_CURVE('',#1799,#1800,#1011,.T.);
#2300=EDGE_CURVE('',#1800,#1801,#1012,.T.);
#2301=EDGE_CURVE('',#1802,#1801,#1013,.T.);
#2302=EDGE_CURVE('',#1799,#1802,#1014,.T.);
#2303=EDGE_CURVE('',#1803,#1799,#1015,.T.);
#2304=EDGE_CURVE('',#1804,#1802,#1016,.T.);
#2305=EDGE_CURVE('',#1803,#1804,#1017,.T.);
#2306=EDGE_CURVE('',#1805,#1803,#1018,.T.);
#2307=EDGE_CURVE('',#1806,#1804,#1019,.T.);
#2308=EDGE_CURVE('',#1805,#1806,#1020,.T.);
#2309=EDGE_CURVE('',#1800,#1805,#1021,.T.);
#2310=EDGE_CURVE('',#1801,#1806,#1022,.T.);
#2311=EDGE_CURVE('',#1807,#1808,#1023,.T.);
#2312=EDGE_CURVE('',#1808,#1809,#1024,.T.);
#2313=EDGE_CURVE('',#1810,#1809,#1025,.T.);
#2314=EDGE_CURVE('',#1807,#1810,#1026,.T.);
#2315=EDGE_CURVE('',#1811,#1807,#111,.T.);
#2316=EDGE_CURVE('',#1812,#1810,#112,.T.);
#2317=EDGE_CURVE('',#1811,#1812,#1027,.T.);
#2318=EDGE_CURVE('',#1813,#1811,#1028,.T.);
#2319=EDGE_CURVE('',#1814,#1812,#1029,.T.);
#2320=EDGE_CURVE('',#1813,#1814,#1030,.T.);
#2321=EDGE_CURVE('',#1815,#1813,#113,.T.);
#2322=EDGE_CURVE('',#1816,#1814,#114,.T.);
#2323=EDGE_CURVE('',#1815,#1816,#1031,.T.);
#2324=EDGE_CURVE('',#1817,#1815,#1032,.T.);
#2325=EDGE_CURVE('',#1818,#1816,#1033,.T.);
#2326=EDGE_CURVE('',#1817,#1818,#1034,.T.);
#2327=EDGE_CURVE('',#1819,#1817,#115,.T.);
#2328=EDGE_CURVE('',#1820,#1818,#116,.T.);
#2329=EDGE_CURVE('',#1819,#1820,#1035,.T.);
#2330=EDGE_CURVE('',#1821,#1819,#1036,.T.);
#2331=EDGE_CURVE('',#1822,#1820,#1037,.T.);
#2332=EDGE_CURVE('',#1821,#1822,#1038,.T.);
#2333=EDGE_CURVE('',#1808,#1821,#117,.T.);
#2334=EDGE_CURVE('',#1809,#1822,#118,.T.);
#2335=EDGE_CURVE('',#1823,#1824,#1039,.T.);
#2336=EDGE_CURVE('',#1824,#1825,#1040,.T.);
#2337=EDGE_CURVE('',#1826,#1825,#1041,.T.);
#2338=EDGE_CURVE('',#1823,#1826,#1042,.T.);
#2339=EDGE_CURVE('',#1827,#1823,#1043,.T.);
#2340=EDGE_CURVE('',#1828,#1826,#1044,.T.);
#2341=EDGE_CURVE('',#1827,#1828,#1045,.T.);
#2342=EDGE_CURVE('',#1829,#1827,#1046,.T.);
#2343=EDGE_CURVE('',#1830,#1828,#1047,.T.);
#2344=EDGE_CURVE('',#1829,#1830,#1048,.T.);
#2345=EDGE_CURVE('',#1824,#1829,#1049,.T.);
#2346=EDGE_CURVE('',#1825,#1830,#1050,.T.);
#2347=EDGE_CURVE('',#1831,#1832,#1051,.T.);
#2348=EDGE_CURVE('',#1832,#1833,#1052,.T.);
#2349=EDGE_CURVE('',#1834,#1833,#1053,.T.);
#2350=EDGE_CURVE('',#1831,#1834,#1054,.T.);
#2351=EDGE_CURVE('',#1835,#1831,#1055,.T.);
#2352=EDGE_CURVE('',#1836,#1834,#1056,.T.);
#2353=EDGE_CURVE('',#1835,#1836,#1057,.T.);
#2354=EDGE_CURVE('',#1837,#1835,#1058,.T.);
#2355=EDGE_CURVE('',#1838,#1836,#1059,.T.);
#2356=EDGE_CURVE('',#1837,#1838,#1060,.T.);
#2357=EDGE_CURVE('',#1832,#1837,#1061,.T.);
#2358=EDGE_CURVE('',#1833,#1838,#1062,.T.);
#2359=EDGE_CURVE('',#1839,#1840,#119,.T.);
#2360=EDGE_CURVE('',#1840,#1841,#1063,.T.);
#2361=EDGE_CURVE('',#1842,#1841,#120,.T.);
#2362=EDGE_CURVE('',#1839,#1842,#1064,.T.);
#2363=EDGE_CURVE('',#1839,#1843,#1065,.T.);
#2364=EDGE_CURVE('',#1844,#1842,#1066,.T.);
#2365=EDGE_CURVE('',#1843,#1844,#1067,.T.);
#2366=EDGE_CURVE('',#1843,#1845,#1068,.T.);
#2367=EDGE_CURVE('',#1846,#1844,#1069,.T.);
#2368=EDGE_CURVE('',#1845,#1846,#1070,.T.);
#2369=EDGE_CURVE('',#1847,#1845,#1071,.T.);
#2370=EDGE_CURVE('',#1848,#1846,#1072,.T.);
#2371=EDGE_CURVE('',#1847,#1848,#1073,.T.);
#2372=EDGE_CURVE('',#1849,#1847,#1074,.T.);
#2373=EDGE_CURVE('',#1850,#1848,#1075,.T.);
#2374=EDGE_CURVE('',#1849,#1850,#1076,.T.);
#2375=EDGE_CURVE('',#1851,#1849,#121,.T.);
#2376=EDGE_CURVE('',#1852,#1850,#122,.T.);
#2377=EDGE_CURVE('',#1851,#1852,#1077,.T.);
#2378=EDGE_CURVE('',#1851,#1853,#1078,.T.);
#2379=EDGE_CURVE('',#1854,#1852,#1079,.T.);
#2380=EDGE_CURVE('',#1853,#1854,#1080,.T.);
#2381=EDGE_CURVE('',#1855,#1853,#123,.T.);
#2382=EDGE_CURVE('',#1856,#1854,#124,.T.);
#2383=EDGE_CURVE('',#1855,#1856,#1081,.T.);
#2384=EDGE_CURVE('',#1857,#1855,#1082,.T.);
#2385=EDGE_CURVE('',#1858,#1856,#1083,.T.);
#2386=EDGE_CURVE('',#1857,#1858,#1084,.T.);
#2387=EDGE_CURVE('',#1859,#1857,#125,.T.);
#2388=EDGE_CURVE('',#1860,#1858,#126,.T.);
#2389=EDGE_CURVE('',#1859,#1860,#1085,.T.);
#2390=EDGE_CURVE('',#1859,#1840,#1086,.T.);
#2391=EDGE_CURVE('',#1841,#1860,#1087,.T.);
#2392=ORIENTED_EDGE('',*,*,#1861,.F.);
#2393=ORIENTED_EDGE('',*,*,#1862,.T.);
#2394=ORIENTED_EDGE('',*,*,#1863,.T.);
#2395=ORIENTED_EDGE('',*,*,#1864,.F.);
#2396=ORIENTED_EDGE('',*,*,#1865,.F.);
#2397=ORIENTED_EDGE('',*,*,#1866,.T.);
#2398=ORIENTED_EDGE('',*,*,#1867,.T.);
#2399=ORIENTED_EDGE('',*,*,#1862,.F.);
#2400=ORIENTED_EDGE('',*,*,#1868,.F.);
#2401=ORIENTED_EDGE('',*,*,#1869,.T.);
#2402=ORIENTED_EDGE('',*,*,#1870,.T.);
#2403=ORIENTED_EDGE('',*,*,#1866,.F.);
#2404=ORIENTED_EDGE('',*,*,#1871,.F.);
#2405=ORIENTED_EDGE('',*,*,#1864,.T.);
#2406=ORIENTED_EDGE('',*,*,#1872,.T.);
#2407=ORIENTED_EDGE('',*,*,#1869,.F.);
#2408=ORIENTED_EDGE('',*,*,#1872,.F.);
#2409=ORIENTED_EDGE('',*,*,#1863,.F.);
#2410=ORIENTED_EDGE('',*,*,#1867,.F.);
#2411=ORIENTED_EDGE('',*,*,#1870,.F.);
#2412=ORIENTED_EDGE('',*,*,#1873,.F.);
#2413=ORIENTED_EDGE('',*,*,#1874,.F.);
#2414=ORIENTED_EDGE('',*,*,#1875,.F.);
#2415=ORIENTED_EDGE('',*,*,#1876,.F.);
#2416=ORIENTED_EDGE('',*,*,#1874,.T.);
#2417=ORIENTED_EDGE('',*,*,#1877,.T.);
#2418=ORIENTED_EDGE('',*,*,#1878,.F.);
#2419=ORIENTED_EDGE('',*,*,#1879,.F.);
#2420=ORIENTED_EDGE('',*,*,#1873,.T.);
#2421=ORIENTED_EDGE('',*,*,#1880,.T.);
#2422=ORIENTED_EDGE('',*,*,#1881,.F.);
#2423=ORIENTED_EDGE('',*,*,#1877,.F.);
#2424=ORIENTED_EDGE('',*,*,#1876,.T.);
#2425=ORIENTED_EDGE('',*,*,#1882,.T.);
#2426=ORIENTED_EDGE('',*,*,#1883,.F.);
#2427=ORIENTED_EDGE('',*,*,#1880,.F.);
#2428=ORIENTED_EDGE('',*,*,#1875,.T.);
#2429=ORIENTED_EDGE('',*,*,#1879,.T.);
#2430=ORIENTED_EDGE('',*,*,#1884,.F.);
#2431=ORIENTED_EDGE('',*,*,#1882,.F.);
#2432=ORIENTED_EDGE('',*,*,#1885,.T.);
#2433=ORIENTED_EDGE('',*,*,#1886,.T.);
#2434=ORIENTED_EDGE('',*,*,#1887,.F.);
#2435=ORIENTED_EDGE('',*,*,#1888,.F.);
#2436=ORIENTED_EDGE('',*,*,#1889,.T.);
#2437=ORIENTED_EDGE('',*,*,#1888,.T.);
#2438=ORIENTED_EDGE('',*,*,#1890,.F.);
#2439=ORIENTED_EDGE('',*,*,#1891,.F.);
#2440=ORIENTED_EDGE('',*,*,#1892,.T.);
#2441=ORIENTED_EDGE('',*,*,#1891,.T.);
#2442=ORIENTED_EDGE('',*,*,#1893,.F.);
#2443=ORIENTED_EDGE('',*,*,#1894,.F.);
#2444=ORIENTED_EDGE('',*,*,#1895,.T.);
#2445=ORIENTED_EDGE('',*,*,#1894,.T.);
#2446=ORIENTED_EDGE('',*,*,#1896,.F.);
#2447=ORIENTED_EDGE('',*,*,#1886,.F.);
#2448=ORIENTED_EDGE('',*,*,#1897,.T.);
#2449=ORIENTED_EDGE('',*,*,#1898,.T.);
#2450=ORIENTED_EDGE('',*,*,#1899,.F.);
#2451=ORIENTED_EDGE('',*,*,#1900,.F.);
#2452=ORIENTED_EDGE('',*,*,#1901,.T.);
#2453=ORIENTED_EDGE('',*,*,#1900,.T.);
#2454=ORIENTED_EDGE('',*,*,#1902,.F.);
#2455=ORIENTED_EDGE('',*,*,#1903,.F.);
#2456=ORIENTED_EDGE('',*,*,#1904,.T.);
#2457=ORIENTED_EDGE('',*,*,#1903,.T.);
#2458=ORIENTED_EDGE('',*,*,#1905,.F.);
#2459=ORIENTED_EDGE('',*,*,#1906,.F.);
#2460=ORIENTED_EDGE('',*,*,#1907,.T.);
#2461=ORIENTED_EDGE('',*,*,#1906,.T.);
#2462=ORIENTED_EDGE('',*,*,#1908,.F.);
#2463=ORIENTED_EDGE('',*,*,#1909,.F.);
#2464=ORIENTED_EDGE('',*,*,#1910,.T.);
#2465=ORIENTED_EDGE('',*,*,#1909,.T.);
#2466=ORIENTED_EDGE('',*,*,#1911,.F.);
#2467=ORIENTED_EDGE('',*,*,#1912,.F.);
#2468=ORIENTED_EDGE('',*,*,#1913,.T.);
#2469=ORIENTED_EDGE('',*,*,#1912,.T.);
#2470=ORIENTED_EDGE('',*,*,#1914,.F.);
#2471=ORIENTED_EDGE('',*,*,#1915,.F.);
#2472=ORIENTED_EDGE('',*,*,#1916,.T.);
#2473=ORIENTED_EDGE('',*,*,#1915,.T.);
#2474=ORIENTED_EDGE('',*,*,#1917,.F.);
#2475=ORIENTED_EDGE('',*,*,#1918,.F.);
#2476=ORIENTED_EDGE('',*,*,#1919,.T.);
#2477=ORIENTED_EDGE('',*,*,#1918,.T.);
#2478=ORIENTED_EDGE('',*,*,#1920,.F.);
#2479=ORIENTED_EDGE('',*,*,#1898,.F.);
#2480=ORIENTED_EDGE('',*,*,#1921,.T.);
#2481=ORIENTED_EDGE('',*,*,#1922,.T.);
#2482=ORIENTED_EDGE('',*,*,#1923,.F.);
#2483=ORIENTED_EDGE('',*,*,#1924,.F.);
#2484=ORIENTED_EDGE('',*,*,#1925,.T.);
#2485=ORIENTED_EDGE('',*,*,#1924,.T.);
#2486=ORIENTED_EDGE('',*,*,#1926,.F.);
#2487=ORIENTED_EDGE('',*,*,#1927,.F.);
#2488=ORIENTED_EDGE('',*,*,#1928,.T.);
#2489=ORIENTED_EDGE('',*,*,#1927,.T.);
#2490=ORIENTED_EDGE('',*,*,#1929,.F.);
#2491=ORIENTED_EDGE('',*,*,#1930,.F.);
#2492=ORIENTED_EDGE('',*,*,#1931,.T.);
#2493=ORIENTED_EDGE('',*,*,#1930,.T.);
#2494=ORIENTED_EDGE('',*,*,#1932,.F.);
#2495=ORIENTED_EDGE('',*,*,#1933,.F.);
#2496=ORIENTED_EDGE('',*,*,#1934,.T.);
#2497=ORIENTED_EDGE('',*,*,#1933,.T.);
#2498=ORIENTED_EDGE('',*,*,#1935,.F.);
#2499=ORIENTED_EDGE('',*,*,#1936,.F.);
#2500=ORIENTED_EDGE('',*,*,#1937,.T.);
#2501=ORIENTED_EDGE('',*,*,#1936,.T.);
#2502=ORIENTED_EDGE('',*,*,#1938,.F.);
#2503=ORIENTED_EDGE('',*,*,#1922,.F.);
#2504=ORIENTED_EDGE('',*,*,#1939,.F.);
#2505=ORIENTED_EDGE('',*,*,#1940,.T.);
#2506=ORIENTED_EDGE('',*,*,#1941,.T.);
#2507=ORIENTED_EDGE('',*,*,#1940,.F.);
#2508=ORIENTED_EDGE('',*,*,#1942,.T.);
#2509=ORIENTED_EDGE('',*,*,#1943,.T.);
#2510=ORIENTED_EDGE('',*,*,#1944,.F.);
#2511=ORIENTED_EDGE('',*,*,#1945,.F.);
#2512=ORIENTED_EDGE('',*,*,#1946,.T.);
#2513=ORIENTED_EDGE('',*,*,#1945,.T.);
#2514=ORIENTED_EDGE('',*,*,#1947,.F.);
#2515=ORIENTED_EDGE('',*,*,#1948,.F.);
#2516=ORIENTED_EDGE('',*,*,#1949,.T.);
#2517=ORIENTED_EDGE('',*,*,#1948,.T.);
#2518=ORIENTED_EDGE('',*,*,#1950,.F.);
#2519=ORIENTED_EDGE('',*,*,#1951,.F.);
#2520=ORIENTED_EDGE('',*,*,#1952,.T.);
#2521=ORIENTED_EDGE('',*,*,#1951,.T.);
#2522=ORIENTED_EDGE('',*,*,#1953,.F.);
#2523=ORIENTED_EDGE('',*,*,#1943,.F.);
#2524=ORIENTED_EDGE('',*,*,#1954,.T.);
#2525=ORIENTED_EDGE('',*,*,#1955,.T.);
#2526=ORIENTED_EDGE('',*,*,#1956,.F.);
#2527=ORIENTED_EDGE('',*,*,#1957,.F.);
#2528=ORIENTED_EDGE('',*,*,#1958,.T.);
#2529=ORIENTED_EDGE('',*,*,#1957,.T.);
#2530=ORIENTED_EDGE('',*,*,#1959,.F.);
#2531=ORIENTED_EDGE('',*,*,#1960,.F.);
#2532=ORIENTED_EDGE('',*,*,#1961,.T.);
#2533=ORIENTED_EDGE('',*,*,#1960,.T.);
#2534=ORIENTED_EDGE('',*,*,#1962,.F.);
#2535=ORIENTED_EDGE('',*,*,#1963,.F.);
#2536=ORIENTED_EDGE('',*,*,#1964,.T.);
#2537=ORIENTED_EDGE('',*,*,#1963,.T.);
#2538=ORIENTED_EDGE('',*,*,#1965,.F.);
#2539=ORIENTED_EDGE('',*,*,#1955,.F.);
#2540=ORIENTED_EDGE('',*,*,#1966,.T.);
#2541=ORIENTED_EDGE('',*,*,#1967,.T.);
#2542=ORIENTED_EDGE('',*,*,#1968,.F.);
#2543=ORIENTED_EDGE('',*,*,#1969,.F.);
#2544=ORIENTED_EDGE('',*,*,#1970,.T.);
#2545=ORIENTED_EDGE('',*,*,#1969,.T.);
#2546=ORIENTED_EDGE('',*,*,#1971,.F.);
#2547=ORIENTED_EDGE('',*,*,#1972,.F.);
#2548=ORIENTED_EDGE('',*,*,#1973,.T.);
#2549=ORIENTED_EDGE('',*,*,#1972,.T.);
#2550=ORIENTED_EDGE('',*,*,#1974,.F.);
#2551=ORIENTED_EDGE('',*,*,#1975,.F.);
#2552=ORIENTED_EDGE('',*,*,#1976,.T.);
#2553=ORIENTED_EDGE('',*,*,#1975,.T.);
#2554=ORIENTED_EDGE('',*,*,#1977,.F.);
#2555=ORIENTED_EDGE('',*,*,#1967,.F.);
#2556=ORIENTED_EDGE('',*,*,#1978,.T.);
#2557=ORIENTED_EDGE('',*,*,#1979,.T.);
#2558=ORIENTED_EDGE('',*,*,#1980,.F.);
#2559=ORIENTED_EDGE('',*,*,#1981,.F.);
#2560=ORIENTED_EDGE('',*,*,#1982,.T.);
#2561=ORIENTED_EDGE('',*,*,#1981,.T.);
#2562=ORIENTED_EDGE('',*,*,#1983,.F.);
#2563=ORIENTED_EDGE('',*,*,#1984,.F.);
#2564=ORIENTED_EDGE('',*,*,#1985,.T.);
#2565=ORIENTED_EDGE('',*,*,#1984,.T.);
#2566=ORIENTED_EDGE('',*,*,#1986,.F.);
#2567=ORIENTED_EDGE('',*,*,#1987,.F.);
#2568=ORIENTED_EDGE('',*,*,#1988,.T.);
#2569=ORIENTED_EDGE('',*,*,#1987,.T.);
#2570=ORIENTED_EDGE('',*,*,#1989,.F.);
#2571=ORIENTED_EDGE('',*,*,#1990,.F.);
#2572=ORIENTED_EDGE('',*,*,#1991,.T.);
#2573=ORIENTED_EDGE('',*,*,#1990,.T.);
#2574=ORIENTED_EDGE('',*,*,#1992,.F.);
#2575=ORIENTED_EDGE('',*,*,#1993,.F.);
#2576=ORIENTED_EDGE('',*,*,#1994,.T.);
#2577=ORIENTED_EDGE('',*,*,#1993,.T.);
#2578=ORIENTED_EDGE('',*,*,#1995,.F.);
#2579=ORIENTED_EDGE('',*,*,#1996,.F.);
#2580=ORIENTED_EDGE('',*,*,#1997,.T.);
#2581=ORIENTED_EDGE('',*,*,#1996,.T.);
#2582=ORIENTED_EDGE('',*,*,#1998,.F.);
#2583=ORIENTED_EDGE('',*,*,#1999,.F.);
#2584=ORIENTED_EDGE('',*,*,#2000,.T.);
#2585=ORIENTED_EDGE('',*,*,#1999,.T.);
#2586=ORIENTED_EDGE('',*,*,#2001,.F.);
#2587=ORIENTED_EDGE('',*,*,#1979,.F.);
#2588=ORIENTED_EDGE('',*,*,#2002,.T.);
#2589=ORIENTED_EDGE('',*,*,#2003,.T.);
#2590=ORIENTED_EDGE('',*,*,#2004,.F.);
#2591=ORIENTED_EDGE('',*,*,#2005,.F.);
#2592=ORIENTED_EDGE('',*,*,#2006,.T.);
#2593=ORIENTED_EDGE('',*,*,#2005,.T.);
#2594=ORIENTED_EDGE('',*,*,#2007,.F.);
#2595=ORIENTED_EDGE('',*,*,#2008,.F.);
#2596=ORIENTED_EDGE('',*,*,#2009,.T.);
#2597=ORIENTED_EDGE('',*,*,#2008,.T.);
#2598=ORIENTED_EDGE('',*,*,#2010,.F.);
#2599=ORIENTED_EDGE('',*,*,#2011,.F.);
#2600=ORIENTED_EDGE('',*,*,#2012,.T.);
#2601=ORIENTED_EDGE('',*,*,#2011,.T.);
#2602=ORIENTED_EDGE('',*,*,#2013,.F.);
#2603=ORIENTED_EDGE('',*,*,#2003,.F.);
#2604=ORIENTED_EDGE('',*,*,#2014,.T.);
#2605=ORIENTED_EDGE('',*,*,#2015,.T.);
#2606=ORIENTED_EDGE('',*,*,#2016,.F.);
#2607=ORIENTED_EDGE('',*,*,#2017,.F.);
#2608=ORIENTED_EDGE('',*,*,#2018,.T.);
#2609=ORIENTED_EDGE('',*,*,#2017,.T.);
#2610=ORIENTED_EDGE('',*,*,#2019,.F.);
#2611=ORIENTED_EDGE('',*,*,#2020,.F.);
#2612=ORIENTED_EDGE('',*,*,#2021,.T.);
#2613=ORIENTED_EDGE('',*,*,#2020,.T.);
#2614=ORIENTED_EDGE('',*,*,#2022,.F.);
#2615=ORIENTED_EDGE('',*,*,#2023,.F.);
#2616=ORIENTED_EDGE('',*,*,#2024,.T.);
#2617=ORIENTED_EDGE('',*,*,#2023,.T.);
#2618=ORIENTED_EDGE('',*,*,#2025,.F.);
#2619=ORIENTED_EDGE('',*,*,#2026,.F.);
#2620=ORIENTED_EDGE('',*,*,#2027,.T.);
#2621=ORIENTED_EDGE('',*,*,#2026,.T.);
#2622=ORIENTED_EDGE('',*,*,#2028,.F.);
#2623=ORIENTED_EDGE('',*,*,#2029,.F.);
#2624=ORIENTED_EDGE('',*,*,#2030,.T.);
#2625=ORIENTED_EDGE('',*,*,#2029,.T.);
#2626=ORIENTED_EDGE('',*,*,#2031,.F.);
#2627=ORIENTED_EDGE('',*,*,#2032,.F.);
#2628=ORIENTED_EDGE('',*,*,#2033,.T.);
#2629=ORIENTED_EDGE('',*,*,#2032,.T.);
#2630=ORIENTED_EDGE('',*,*,#2034,.F.);
#2631=ORIENTED_EDGE('',*,*,#2035,.F.);
#2632=ORIENTED_EDGE('',*,*,#2036,.T.);
#2633=ORIENTED_EDGE('',*,*,#2035,.T.);
#2634=ORIENTED_EDGE('',*,*,#2037,.F.);
#2635=ORIENTED_EDGE('',*,*,#2015,.F.);
#2636=ORIENTED_EDGE('',*,*,#2038,.T.);
#2637=ORIENTED_EDGE('',*,*,#2039,.T.);
#2638=ORIENTED_EDGE('',*,*,#2040,.F.);
#2639=ORIENTED_EDGE('',*,*,#2041,.F.);
#2640=ORIENTED_EDGE('',*,*,#2042,.T.);
#2641=ORIENTED_EDGE('',*,*,#2041,.T.);
#2642=ORIENTED_EDGE('',*,*,#2043,.F.);
#2643=ORIENTED_EDGE('',*,*,#2044,.F.);
#2644=ORIENTED_EDGE('',*,*,#2045,.T.);
#2645=ORIENTED_EDGE('',*,*,#2044,.T.);
#2646=ORIENTED_EDGE('',*,*,#2046,.F.);
#2647=ORIENTED_EDGE('',*,*,#2047,.F.);
#2648=ORIENTED_EDGE('',*,*,#2048,.T.);
#2649=ORIENTED_EDGE('',*,*,#2047,.T.);
#2650=ORIENTED_EDGE('',*,*,#2049,.F.);
#2651=ORIENTED_EDGE('',*,*,#2050,.F.);
#2652=ORIENTED_EDGE('',*,*,#2051,.T.);
#2653=ORIENTED_EDGE('',*,*,#2050,.T.);
#2654=ORIENTED_EDGE('',*,*,#2052,.F.);
#2655=ORIENTED_EDGE('',*,*,#2053,.F.);
#2656=ORIENTED_EDGE('',*,*,#2054,.T.);
#2657=ORIENTED_EDGE('',*,*,#2053,.T.);
#2658=ORIENTED_EDGE('',*,*,#2055,.F.);
#2659=ORIENTED_EDGE('',*,*,#2056,.F.);
#2660=ORIENTED_EDGE('',*,*,#2057,.T.);
#2661=ORIENTED_EDGE('',*,*,#2056,.T.);
#2662=ORIENTED_EDGE('',*,*,#2058,.F.);
#2663=ORIENTED_EDGE('',*,*,#2059,.F.);
#2664=ORIENTED_EDGE('',*,*,#2060,.T.);
#2665=ORIENTED_EDGE('',*,*,#2059,.T.);
#2666=ORIENTED_EDGE('',*,*,#2061,.F.);
#2667=ORIENTED_EDGE('',*,*,#2039,.F.);
#2668=ORIENTED_EDGE('',*,*,#2062,.T.);
#2669=ORIENTED_EDGE('',*,*,#2063,.T.);
#2670=ORIENTED_EDGE('',*,*,#2064,.F.);
#2671=ORIENTED_EDGE('',*,*,#2065,.F.);
#2672=ORIENTED_EDGE('',*,*,#2066,.T.);
#2673=ORIENTED_EDGE('',*,*,#2065,.T.);
#2674=ORIENTED_EDGE('',*,*,#2067,.F.);
#2675=ORIENTED_EDGE('',*,*,#2068,.F.);
#2676=ORIENTED_EDGE('',*,*,#2069,.T.);
#2677=ORIENTED_EDGE('',*,*,#2068,.T.);
#2678=ORIENTED_EDGE('',*,*,#2070,.F.);
#2679=ORIENTED_EDGE('',*,*,#2071,.F.);
#2680=ORIENTED_EDGE('',*,*,#2072,.T.);
#2681=ORIENTED_EDGE('',*,*,#2071,.T.);
#2682=ORIENTED_EDGE('',*,*,#2073,.F.);
#2683=ORIENTED_EDGE('',*,*,#2074,.F.);
#2684=ORIENTED_EDGE('',*,*,#2075,.T.);
#2685=ORIENTED_EDGE('',*,*,#2074,.T.);
#2686=ORIENTED_EDGE('',*,*,#2076,.F.);
#2687=ORIENTED_EDGE('',*,*,#2077,.F.);
#2688=ORIENTED_EDGE('',*,*,#2078,.T.);
#2689=ORIENTED_EDGE('',*,*,#2077,.T.);
#2690=ORIENTED_EDGE('',*,*,#2079,.F.);
#2691=ORIENTED_EDGE('',*,*,#2080,.F.);
#2692=ORIENTED_EDGE('',*,*,#2081,.T.);
#2693=ORIENTED_EDGE('',*,*,#2080,.T.);
#2694=ORIENTED_EDGE('',*,*,#2082,.F.);
#2695=ORIENTED_EDGE('',*,*,#2083,.F.);
#2696=ORIENTED_EDGE('',*,*,#2084,.T.);
#2697=ORIENTED_EDGE('',*,*,#2083,.T.);
#2698=ORIENTED_EDGE('',*,*,#2085,.F.);
#2699=ORIENTED_EDGE('',*,*,#2063,.F.);
#2700=ORIENTED_EDGE('',*,*,#2086,.F.);
#2701=ORIENTED_EDGE('',*,*,#2087,.T.);
#2702=ORIENTED_EDGE('',*,*,#2088,.T.);
#2703=ORIENTED_EDGE('',*,*,#2087,.F.);
#2704=ORIENTED_EDGE('',*,*,#2089,.T.);
#2705=ORIENTED_EDGE('',*,*,#2090,.T.);
#2706=ORIENTED_EDGE('',*,*,#2091,.F.);
#2707=ORIENTED_EDGE('',*,*,#2092,.F.);
#2708=ORIENTED_EDGE('',*,*,#2093,.T.);
#2709=ORIENTED_EDGE('',*,*,#2092,.T.);
#2710=ORIENTED_EDGE('',*,*,#2094,.F.);
#2711=ORIENTED_EDGE('',*,*,#2095,.F.);
#2712=ORIENTED_EDGE('',*,*,#2096,.T.);
#2713=ORIENTED_EDGE('',*,*,#2095,.T.);
#2714=ORIENTED_EDGE('',*,*,#2097,.F.);
#2715=ORIENTED_EDGE('',*,*,#2098,.F.);
#2716=ORIENTED_EDGE('',*,*,#2099,.T.);
#2717=ORIENTED_EDGE('',*,*,#2098,.T.);
#2718=ORIENTED_EDGE('',*,*,#2100,.F.);
#2719=ORIENTED_EDGE('',*,*,#2101,.F.);
#2720=ORIENTED_EDGE('',*,*,#2102,.T.);
#2721=ORIENTED_EDGE('',*,*,#2101,.T.);
#2722=ORIENTED_EDGE('',*,*,#2103,.F.);
#2723=ORIENTED_EDGE('',*,*,#2104,.F.);
#2724=ORIENTED_EDGE('',*,*,#2105,.T.);
#2725=ORIENTED_EDGE('',*,*,#2104,.T.);
#2726=ORIENTED_EDGE('',*,*,#2106,.F.);
#2727=ORIENTED_EDGE('',*,*,#2107,.F.);
#2728=ORIENTED_EDGE('',*,*,#2108,.T.);
#2729=ORIENTED_EDGE('',*,*,#2107,.T.);
#2730=ORIENTED_EDGE('',*,*,#2109,.F.);
#2731=ORIENTED_EDGE('',*,*,#2110,.F.);
#2732=ORIENTED_EDGE('',*,*,#2111,.T.);
#2733=ORIENTED_EDGE('',*,*,#2110,.T.);
#2734=ORIENTED_EDGE('',*,*,#2112,.F.);
#2735=ORIENTED_EDGE('',*,*,#2090,.F.);
#2736=ORIENTED_EDGE('',*,*,#2113,.T.);
#2737=ORIENTED_EDGE('',*,*,#2114,.T.);
#2738=ORIENTED_EDGE('',*,*,#2115,.F.);
#2739=ORIENTED_EDGE('',*,*,#2116,.F.);
#2740=ORIENTED_EDGE('',*,*,#2117,.T.);
#2741=ORIENTED_EDGE('',*,*,#2116,.T.);
#2742=ORIENTED_EDGE('',*,*,#2118,.F.);
#2743=ORIENTED_EDGE('',*,*,#2119,.F.);
#2744=ORIENTED_EDGE('',*,*,#2120,.T.);
#2745=ORIENTED_EDGE('',*,*,#2119,.T.);
#2746=ORIENTED_EDGE('',*,*,#2121,.F.);
#2747=ORIENTED_EDGE('',*,*,#2122,.F.);
#2748=ORIENTED_EDGE('',*,*,#2123,.T.);
#2749=ORIENTED_EDGE('',*,*,#2122,.T.);
#2750=ORIENTED_EDGE('',*,*,#2124,.F.);
#2751=ORIENTED_EDGE('',*,*,#2125,.F.);
#2752=ORIENTED_EDGE('',*,*,#2126,.T.);
#2753=ORIENTED_EDGE('',*,*,#2125,.T.);
#2754=ORIENTED_EDGE('',*,*,#2127,.F.);
#2755=ORIENTED_EDGE('',*,*,#2128,.F.);
#2756=ORIENTED_EDGE('',*,*,#2129,.T.);
#2757=ORIENTED_EDGE('',*,*,#2128,.T.);
#2758=ORIENTED_EDGE('',*,*,#2130,.F.);
#2759=ORIENTED_EDGE('',*,*,#2131,.F.);
#2760=ORIENTED_EDGE('',*,*,#2132,.T.);
#2761=ORIENTED_EDGE('',*,*,#2131,.T.);
#2762=ORIENTED_EDGE('',*,*,#2133,.F.);
#2763=ORIENTED_EDGE('',*,*,#2134,.F.);
#2764=ORIENTED_EDGE('',*,*,#2135,.T.);
#2765=ORIENTED_EDGE('',*,*,#2134,.T.);
#2766=ORIENTED_EDGE('',*,*,#2136,.F.);
#2767=ORIENTED_EDGE('',*,*,#2114,.F.);
#2768=ORIENTED_EDGE('',*,*,#2137,.T.);
#2769=ORIENTED_EDGE('',*,*,#2138,.T.);
#2770=ORIENTED_EDGE('',*,*,#2139,.F.);
#2771=ORIENTED_EDGE('',*,*,#2140,.F.);
#2772=ORIENTED_EDGE('',*,*,#2141,.T.);
#2773=ORIENTED_EDGE('',*,*,#2140,.T.);
#2774=ORIENTED_EDGE('',*,*,#2142,.F.);
#2775=ORIENTED_EDGE('',*,*,#2143,.F.);
#2776=ORIENTED_EDGE('',*,*,#2144,.T.);
#2777=ORIENTED_EDGE('',*,*,#2143,.T.);
#2778=ORIENTED_EDGE('',*,*,#2145,.F.);
#2779=ORIENTED_EDGE('',*,*,#2146,.F.);
#2780=ORIENTED_EDGE('',*,*,#2147,.T.);
#2781=ORIENTED_EDGE('',*,*,#2146,.T.);
#2782=ORIENTED_EDGE('',*,*,#2148,.F.);
#2783=ORIENTED_EDGE('',*,*,#2149,.F.);
#2784=ORIENTED_EDGE('',*,*,#2150,.T.);
#2785=ORIENTED_EDGE('',*,*,#2149,.T.);
#2786=ORIENTED_EDGE('',*,*,#2151,.F.);
#2787=ORIENTED_EDGE('',*,*,#2152,.F.);
#2788=ORIENTED_EDGE('',*,*,#2153,.T.);
#2789=ORIENTED_EDGE('',*,*,#2152,.T.);
#2790=ORIENTED_EDGE('',*,*,#2154,.F.);
#2791=ORIENTED_EDGE('',*,*,#2155,.F.);
#2792=ORIENTED_EDGE('',*,*,#2156,.T.);
#2793=ORIENTED_EDGE('',*,*,#2155,.T.);
#2794=ORIENTED_EDGE('',*,*,#2157,.F.);
#2795=ORIENTED_EDGE('',*,*,#2158,.F.);
#2796=ORIENTED_EDGE('',*,*,#2159,.T.);
#2797=ORIENTED_EDGE('',*,*,#2158,.T.);
#2798=ORIENTED_EDGE('',*,*,#2160,.F.);
#2799=ORIENTED_EDGE('',*,*,#2138,.F.);
#2800=ORIENTED_EDGE('',*,*,#2161,.T.);
#2801=ORIENTED_EDGE('',*,*,#2162,.T.);
#2802=ORIENTED_EDGE('',*,*,#2163,.F.);
#2803=ORIENTED_EDGE('',*,*,#2164,.F.);
#2804=ORIENTED_EDGE('',*,*,#2165,.T.);
#2805=ORIENTED_EDGE('',*,*,#2164,.T.);
#2806=ORIENTED_EDGE('',*,*,#2166,.F.);
#2807=ORIENTED_EDGE('',*,*,#2167,.F.);
#2808=ORIENTED_EDGE('',*,*,#2168,.T.);
#2809=ORIENTED_EDGE('',*,*,#2167,.T.);
#2810=ORIENTED_EDGE('',*,*,#2169,.F.);
#2811=ORIENTED_EDGE('',*,*,#2170,.F.);
#2812=ORIENTED_EDGE('',*,*,#2171,.T.);
#2813=ORIENTED_EDGE('',*,*,#2170,.T.);
#2814=ORIENTED_EDGE('',*,*,#2172,.F.);
#2815=ORIENTED_EDGE('',*,*,#2162,.F.);
#2816=ORIENTED_EDGE('',*,*,#2173,.T.);
#2817=ORIENTED_EDGE('',*,*,#2174,.T.);
#2818=ORIENTED_EDGE('',*,*,#2175,.F.);
#2819=ORIENTED_EDGE('',*,*,#2176,.F.);
#2820=ORIENTED_EDGE('',*,*,#2177,.T.);
#2821=ORIENTED_EDGE('',*,*,#2176,.T.);
#2822=ORIENTED_EDGE('',*,*,#2178,.F.);
#2823=ORIENTED_EDGE('',*,*,#2179,.F.);
#2824=ORIENTED_EDGE('',*,*,#2180,.T.);
#2825=ORIENTED_EDGE('',*,*,#2179,.T.);
#2826=ORIENTED_EDGE('',*,*,#2181,.F.);
#2827=ORIENTED_EDGE('',*,*,#2182,.F.);
#2828=ORIENTED_EDGE('',*,*,#2183,.T.);
#2829=ORIENTED_EDGE('',*,*,#2182,.T.);
#2830=ORIENTED_EDGE('',*,*,#2184,.F.);
#2831=ORIENTED_EDGE('',*,*,#2174,.F.);
#2832=ORIENTED_EDGE('',*,*,#2185,.T.);
#2833=ORIENTED_EDGE('',*,*,#2186,.T.);
#2834=ORIENTED_EDGE('',*,*,#2187,.F.);
#2835=ORIENTED_EDGE('',*,*,#2188,.F.);
#2836=ORIENTED_EDGE('',*,*,#2189,.T.);
#2837=ORIENTED_EDGE('',*,*,#2188,.T.);
#2838=ORIENTED_EDGE('',*,*,#2190,.F.);
#2839=ORIENTED_EDGE('',*,*,#2191,.F.);
#2840=ORIENTED_EDGE('',*,*,#2192,.T.);
#2841=ORIENTED_EDGE('',*,*,#2191,.T.);
#2842=ORIENTED_EDGE('',*,*,#2193,.F.);
#2843=ORIENTED_EDGE('',*,*,#2194,.F.);
#2844=ORIENTED_EDGE('',*,*,#2195,.T.);
#2845=ORIENTED_EDGE('',*,*,#2194,.T.);
#2846=ORIENTED_EDGE('',*,*,#2196,.F.);
#2847=ORIENTED_EDGE('',*,*,#2186,.F.);
#2848=ORIENTED_EDGE('',*,*,#2197,.T.);
#2849=ORIENTED_EDGE('',*,*,#2198,.T.);
#2850=ORIENTED_EDGE('',*,*,#2199,.F.);
#2851=ORIENTED_EDGE('',*,*,#2200,.F.);
#2852=ORIENTED_EDGE('',*,*,#2201,.T.);
#2853=ORIENTED_EDGE('',*,*,#2200,.T.);
#2854=ORIENTED_EDGE('',*,*,#2202,.F.);
#2855=ORIENTED_EDGE('',*,*,#2203,.F.);
#2856=ORIENTED_EDGE('',*,*,#2204,.T.);
#2857=ORIENTED_EDGE('',*,*,#2203,.T.);
#2858=ORIENTED_EDGE('',*,*,#2205,.F.);
#2859=ORIENTED_EDGE('',*,*,#2206,.F.);
#2860=ORIENTED_EDGE('',*,*,#2207,.T.);
#2861=ORIENTED_EDGE('',*,*,#2206,.T.);
#2862=ORIENTED_EDGE('',*,*,#2208,.F.);
#2863=ORIENTED_EDGE('',*,*,#2198,.F.);
#2864=ORIENTED_EDGE('',*,*,#2209,.T.);
#2865=ORIENTED_EDGE('',*,*,#2210,.T.);
#2866=ORIENTED_EDGE('',*,*,#2211,.F.);
#2867=ORIENTED_EDGE('',*,*,#2212,.F.);
#2868=ORIENTED_EDGE('',*,*,#2213,.T.);
#2869=ORIENTED_EDGE('',*,*,#2212,.T.);
#2870=ORIENTED_EDGE('',*,*,#2214,.F.);
#2871=ORIENTED_EDGE('',*,*,#2215,.F.);
#2872=ORIENTED_EDGE('',*,*,#2216,.T.);
#2873=ORIENTED_EDGE('',*,*,#2215,.T.);
#2874=ORIENTED_EDGE('',*,*,#2217,.F.);
#2875=ORIENTED_EDGE('',*,*,#2218,.F.);
#2876=ORIENTED_EDGE('',*,*,#2219,.T.);
#2877=ORIENTED_EDGE('',*,*,#2218,.T.);
#2878=ORIENTED_EDGE('',*,*,#2220,.F.);
#2879=ORIENTED_EDGE('',*,*,#2221,.F.);
#2880=ORIENTED_EDGE('',*,*,#2222,.T.);
#2881=ORIENTED_EDGE('',*,*,#2221,.T.);
#2882=ORIENTED_EDGE('',*,*,#2223,.F.);
#2883=ORIENTED_EDGE('',*,*,#2224,.F.);
#2884=ORIENTED_EDGE('',*,*,#2225,.T.);
#2885=ORIENTED_EDGE('',*,*,#2224,.T.);
#2886=ORIENTED_EDGE('',*,*,#2226,.F.);
#2887=ORIENTED_EDGE('',*,*,#2227,.F.);
#2888=ORIENTED_EDGE('',*,*,#2228,.T.);
#2889=ORIENTED_EDGE('',*,*,#2227,.T.);
#2890=ORIENTED_EDGE('',*,*,#2229,.F.);
#2891=ORIENTED_EDGE('',*,*,#2230,.F.);
#2892=ORIENTED_EDGE('',*,*,#2231,.T.);
#2893=ORIENTED_EDGE('',*,*,#2230,.T.);
#2894=ORIENTED_EDGE('',*,*,#2232,.F.);
#2895=ORIENTED_EDGE('',*,*,#2210,.F.);
#2896=ORIENTED_EDGE('',*,*,#2233,.F.);
#2897=ORIENTED_EDGE('',*,*,#2234,.T.);
#2898=ORIENTED_EDGE('',*,*,#2235,.T.);
#2899=ORIENTED_EDGE('',*,*,#2234,.F.);
#2900=ORIENTED_EDGE('',*,*,#2236,.T.);
#2901=ORIENTED_EDGE('',*,*,#2237,.T.);
#2902=ORIENTED_EDGE('',*,*,#2238,.F.);
#2903=ORIENTED_EDGE('',*,*,#2239,.F.);
#2904=ORIENTED_EDGE('',*,*,#2240,.T.);
#2905=ORIENTED_EDGE('',*,*,#2239,.T.);
#2906=ORIENTED_EDGE('',*,*,#2241,.F.);
#2907=ORIENTED_EDGE('',*,*,#2242,.F.);
#2908=ORIENTED_EDGE('',*,*,#2243,.T.);
#2909=ORIENTED_EDGE('',*,*,#2242,.T.);
#2910=ORIENTED_EDGE('',*,*,#2244,.F.);
#2911=ORIENTED_EDGE('',*,*,#2245,.F.);
#2912=ORIENTED_EDGE('',*,*,#2246,.T.);
#2913=ORIENTED_EDGE('',*,*,#2245,.T.);
#2914=ORIENTED_EDGE('',*,*,#2247,.F.);
#2915=ORIENTED_EDGE('',*,*,#2237,.F.);
#2916=ORIENTED_EDGE('',*,*,#2248,.F.);
#2917=ORIENTED_EDGE('',*,*,#2249,.T.);
#2918=ORIENTED_EDGE('',*,*,#2250,.T.);
#2919=ORIENTED_EDGE('',*,*,#2249,.F.);
#2920=ORIENTED_EDGE('',*,*,#2251,.T.);
#2921=ORIENTED_EDGE('',*,*,#2252,.T.);
#2922=ORIENTED_EDGE('',*,*,#2253,.F.);
#2923=ORIENTED_EDGE('',*,*,#2254,.F.);
#2924=ORIENTED_EDGE('',*,*,#2255,.T.);
#2925=ORIENTED_EDGE('',*,*,#2254,.T.);
#2926=ORIENTED_EDGE('',*,*,#2256,.F.);
#2927=ORIENTED_EDGE('',*,*,#2257,.F.);
#2928=ORIENTED_EDGE('',*,*,#2258,.T.);
#2929=ORIENTED_EDGE('',*,*,#2257,.T.);
#2930=ORIENTED_EDGE('',*,*,#2259,.F.);
#2931=ORIENTED_EDGE('',*,*,#2260,.F.);
#2932=ORIENTED_EDGE('',*,*,#2261,.T.);
#2933=ORIENTED_EDGE('',*,*,#2260,.T.);
#2934=ORIENTED_EDGE('',*,*,#2262,.F.);
#2935=ORIENTED_EDGE('',*,*,#2263,.F.);
#2936=ORIENTED_EDGE('',*,*,#2264,.T.);
#2937=ORIENTED_EDGE('',*,*,#2263,.T.);
#2938=ORIENTED_EDGE('',*,*,#2265,.F.);
#2939=ORIENTED_EDGE('',*,*,#2266,.F.);
#2940=ORIENTED_EDGE('',*,*,#2267,.T.);
#2941=ORIENTED_EDGE('',*,*,#2266,.T.);
#2942=ORIENTED_EDGE('',*,*,#2268,.F.);
#2943=ORIENTED_EDGE('',*,*,#2269,.F.);
#2944=ORIENTED_EDGE('',*,*,#2270,.T.);
#2945=ORIENTED_EDGE('',*,*,#2269,.T.);
#2946=ORIENTED_EDGE('',*,*,#2271,.F.);
#2947=ORIENTED_EDGE('',*,*,#2272,.F.);
#2948=ORIENTED_EDGE('',*,*,#2273,.T.);
#2949=ORIENTED_EDGE('',*,*,#2272,.T.);
#2950=ORIENTED_EDGE('',*,*,#2274,.F.);
#2951=ORIENTED_EDGE('',*,*,#2252,.F.);
#2952=ORIENTED_EDGE('',*,*,#2275,.T.);
#2953=ORIENTED_EDGE('',*,*,#2276,.T.);
#2954=ORIENTED_EDGE('',*,*,#2277,.F.);
#2955=ORIENTED_EDGE('',*,*,#2278,.F.);
#2956=ORIENTED_EDGE('',*,*,#2279,.T.);
#2957=ORIENTED_EDGE('',*,*,#2278,.T.);
#2958=ORIENTED_EDGE('',*,*,#2280,.F.);
#2959=ORIENTED_EDGE('',*,*,#2281,.F.);
#2960=ORIENTED_EDGE('',*,*,#2282,.T.);
#2961=ORIENTED_EDGE('',*,*,#2281,.T.);
#2962=ORIENTED_EDGE('',*,*,#2283,.F.);
#2963=ORIENTED_EDGE('',*,*,#2284,.F.);
#2964=ORIENTED_EDGE('',*,*,#2285,.T.);
#2965=ORIENTED_EDGE('',*,*,#2284,.T.);
#2966=ORIENTED_EDGE('',*,*,#2286,.F.);
#2967=ORIENTED_EDGE('',*,*,#2287,.F.);
#2968=ORIENTED_EDGE('',*,*,#2288,.T.);
#2969=ORIENTED_EDGE('',*,*,#2287,.T.);
#2970=ORIENTED_EDGE('',*,*,#2289,.F.);
#2971=ORIENTED_EDGE('',*,*,#2290,.F.);
#2972=ORIENTED_EDGE('',*,*,#2291,.T.);
#2973=ORIENTED_EDGE('',*,*,#2290,.T.);
#2974=ORIENTED_EDGE('',*,*,#2292,.F.);
#2975=ORIENTED_EDGE('',*,*,#2293,.F.);
#2976=ORIENTED_EDGE('',*,*,#2294,.T.);
#2977=ORIENTED_EDGE('',*,*,#2293,.T.);
#2978=ORIENTED_EDGE('',*,*,#2295,.F.);
#2979=ORIENTED_EDGE('',*,*,#2296,.F.);
#2980=ORIENTED_EDGE('',*,*,#2297,.T.);
#2981=ORIENTED_EDGE('',*,*,#2296,.T.);
#2982=ORIENTED_EDGE('',*,*,#2298,.F.);
#2983=ORIENTED_EDGE('',*,*,#2276,.F.);
#2984=ORIENTED_EDGE('',*,*,#2299,.T.);
#2985=ORIENTED_EDGE('',*,*,#2300,.T.);
#2986=ORIENTED_EDGE('',*,*,#2301,.F.);
#2987=ORIENTED_EDGE('',*,*,#2302,.F.);
#2988=ORIENTED_EDGE('',*,*,#2303,.T.);
#2989=ORIENTED_EDGE('',*,*,#2302,.T.);
#2990=ORIENTED_EDGE('',*,*,#2304,.F.);
#2991=ORIENTED_EDGE('',*,*,#2305,.F.);
#2992=ORIENTED_EDGE('',*,*,#2306,.T.);
#2993=ORIENTED_EDGE('',*,*,#2305,.T.);
#2994=ORIENTED_EDGE('',*,*,#2307,.F.);
#2995=ORIENTED_EDGE('',*,*,#2308,.F.);
#2996=ORIENTED_EDGE('',*,*,#2309,.T.);
#2997=ORIENTED_EDGE('',*,*,#2308,.T.);
#2998=ORIENTED_EDGE('',*,*,#2310,.F.);
#2999=ORIENTED_EDGE('',*,*,#2300,.F.);
#3000=ORIENTED_EDGE('',*,*,#2311,.T.);
#3001=ORIENTED_EDGE('',*,*,#2312,.T.);
#3002=ORIENTED_EDGE('',*,*,#2313,.F.);
#3003=ORIENTED_EDGE('',*,*,#2314,.F.);
#3004=ORIENTED_EDGE('',*,*,#2315,.T.);
#3005=ORIENTED_EDGE('',*,*,#2314,.T.);
#3006=ORIENTED_EDGE('',*,*,#2316,.F.);
#3007=ORIENTED_EDGE('',*,*,#2317,.F.);
#3008=ORIENTED_EDGE('',*,*,#2318,.T.);
#3009=ORIENTED_EDGE('',*,*,#2317,.T.);
#3010=ORIENTED_EDGE('',*,*,#2319,.F.);
#3011=ORIENTED_EDGE('',*,*,#2320,.F.);
#3012=ORIENTED_EDGE('',*,*,#2321,.T.);
#3013=ORIENTED_EDGE('',*,*,#2320,.T.);
#3014=ORIENTED_EDGE('',*,*,#2322,.F.);
#3015=ORIENTED_EDGE('',*,*,#2323,.F.);
#3016=ORIENTED_EDGE('',*,*,#2324,.T.);
#3017=ORIENTED_EDGE('',*,*,#2323,.T.);
#3018=ORIENTED_EDGE('',*,*,#2325,.F.);
#3019=ORIENTED_EDGE('',*,*,#2326,.F.);
#3020=ORIENTED_EDGE('',*,*,#2327,.T.);
#3021=ORIENTED_EDGE('',*,*,#2326,.T.);
#3022=ORIENTED_EDGE('',*,*,#2328,.F.);
#3023=ORIENTED_EDGE('',*,*,#2329,.F.);
#3024=ORIENTED_EDGE('',*,*,#2330,.T.);
#3025=ORIENTED_EDGE('',*,*,#2329,.T.);
#3026=ORIENTED_EDGE('',*,*,#2331,.F.);
#3027=ORIENTED_EDGE('',*,*,#2332,.F.);
#3028=ORIENTED_EDGE('',*,*,#2333,.T.);
#3029=ORIENTED_EDGE('',*,*,#2332,.T.);
#3030=ORIENTED_EDGE('',*,*,#2334,.F.);
#3031=ORIENTED_EDGE('',*,*,#2312,.F.);
#3032=ORIENTED_EDGE('',*,*,#2335,.T.);
#3033=ORIENTED_EDGE('',*,*,#2336,.T.);
#3034=ORIENTED_EDGE('',*,*,#2337,.F.);
#3035=ORIENTED_EDGE('',*,*,#2338,.F.);
#3036=ORIENTED_EDGE('',*,*,#2339,.T.);
#3037=ORIENTED_EDGE('',*,*,#2338,.T.);
#3038=ORIENTED_EDGE('',*,*,#2340,.F.);
#3039=ORIENTED_EDGE('',*,*,#2341,.F.);
#3040=ORIENTED_EDGE('',*,*,#2342,.T.);
#3041=ORIENTED_EDGE('',*,*,#2341,.T.);
#3042=ORIENTED_EDGE('',*,*,#2343,.F.);
#3043=ORIENTED_EDGE('',*,*,#2344,.F.);
#3044=ORIENTED_EDGE('',*,*,#2345,.T.);
#3045=ORIENTED_EDGE('',*,*,#2344,.T.);
#3046=ORIENTED_EDGE('',*,*,#2346,.F.);
#3047=ORIENTED_EDGE('',*,*,#2336,.F.);
#3048=ORIENTED_EDGE('',*,*,#2347,.T.);
#3049=ORIENTED_EDGE('',*,*,#2348,.T.);
#3050=ORIENTED_EDGE('',*,*,#2349,.F.);
#3051=ORIENTED_EDGE('',*,*,#2350,.F.);
#3052=ORIENTED_EDGE('',*,*,#2351,.T.);
#3053=ORIENTED_EDGE('',*,*,#2350,.T.);
#3054=ORIENTED_EDGE('',*,*,#2352,.F.);
#3055=ORIENTED_EDGE('',*,*,#2353,.F.);
#3056=ORIENTED_EDGE('',*,*,#2354,.T.);
#3057=ORIENTED_EDGE('',*,*,#2353,.T.);
#3058=ORIENTED_EDGE('',*,*,#2355,.F.);
#3059=ORIENTED_EDGE('',*,*,#2356,.F.);
#3060=ORIENTED_EDGE('',*,*,#2357,.T.);
#3061=ORIENTED_EDGE('',*,*,#2356,.T.);
#3062=ORIENTED_EDGE('',*,*,#2358,.F.);
#3063=ORIENTED_EDGE('',*,*,#2348,.F.);
#3064=ORIENTED_EDGE('',*,*,#2359,.T.);
#3065=ORIENTED_EDGE('',*,*,#2360,.T.);
#3066=ORIENTED_EDGE('',*,*,#2361,.F.);
#3067=ORIENTED_EDGE('',*,*,#2362,.F.);
#3068=ORIENTED_EDGE('',*,*,#2363,.F.);
#3069=ORIENTED_EDGE('',*,*,#2362,.T.);
#3070=ORIENTED_EDGE('',*,*,#2364,.F.);
#3071=ORIENTED_EDGE('',*,*,#2365,.F.);
#3072=ORIENTED_EDGE('',*,*,#2366,.F.);
#3073=ORIENTED_EDGE('',*,*,#2365,.T.);
#3074=ORIENTED_EDGE('',*,*,#2367,.F.);
#3075=ORIENTED_EDGE('',*,*,#2368,.F.);
#3076=ORIENTED_EDGE('',*,*,#2369,.T.);
#3077=ORIENTED_EDGE('',*,*,#2368,.T.);
#3078=ORIENTED_EDGE('',*,*,#2370,.F.);
#3079=ORIENTED_EDGE('',*,*,#2371,.F.);
#3080=ORIENTED_EDGE('',*,*,#2372,.T.);
#3081=ORIENTED_EDGE('',*,*,#2371,.T.);
#3082=ORIENTED_EDGE('',*,*,#2373,.F.);
#3083=ORIENTED_EDGE('',*,*,#2374,.F.);
#3084=ORIENTED_EDGE('',*,*,#2375,.T.);
#3085=ORIENTED_EDGE('',*,*,#2374,.T.);
#3086=ORIENTED_EDGE('',*,*,#2376,.F.);
#3087=ORIENTED_EDGE('',*,*,#2377,.F.);
#3088=ORIENTED_EDGE('',*,*,#2378,.F.);
#3089=ORIENTED_EDGE('',*,*,#2377,.T.);
#3090=ORIENTED_EDGE('',*,*,#2379,.F.);
#3091=ORIENTED_EDGE('',*,*,#2380,.F.);
#3092=ORIENTED_EDGE('',*,*,#2381,.T.);
#3093=ORIENTED_EDGE('',*,*,#2380,.T.);
#3094=ORIENTED_EDGE('',*,*,#2382,.F.);
#3095=ORIENTED_EDGE('',*,*,#2383,.F.);
#3096=ORIENTED_EDGE('',*,*,#2384,.T.);
#3097=ORIENTED_EDGE('',*,*,#2383,.T.);
#3098=ORIENTED_EDGE('',*,*,#2385,.F.);
#3099=ORIENTED_EDGE('',*,*,#2386,.F.);
#3100=ORIENTED_EDGE('',*,*,#2387,.T.);
#3101=ORIENTED_EDGE('',*,*,#2386,.T.);
#3102=ORIENTED_EDGE('',*,*,#2388,.F.);
#3103=ORIENTED_EDGE('',*,*,#2389,.F.);
#3104=ORIENTED_EDGE('',*,*,#2390,.F.);
#3105=ORIENTED_EDGE('',*,*,#2389,.T.);
#3106=ORIENTED_EDGE('',*,*,#2391,.F.);
#3107=ORIENTED_EDGE('',*,*,#2360,.F.);
#3108=ORIENTED_EDGE('',*,*,#2391,.T.);
#3109=ORIENTED_EDGE('',*,*,#2388,.T.);
#3110=ORIENTED_EDGE('',*,*,#2385,.T.);
#3111=ORIENTED_EDGE('',*,*,#2382,.T.);
#3112=ORIENTED_EDGE('',*,*,#2379,.T.);
#3113=ORIENTED_EDGE('',*,*,#2376,.T.);
#3114=ORIENTED_EDGE('',*,*,#2373,.T.);
#3115=ORIENTED_EDGE('',*,*,#2370,.T.);
#3116=ORIENTED_EDGE('',*,*,#2367,.T.);
#3117=ORIENTED_EDGE('',*,*,#2364,.T.);
#3118=ORIENTED_EDGE('',*,*,#2361,.T.);
#3119=ORIENTED_EDGE('',*,*,#2358,.T.);
#3120=ORIENTED_EDGE('',*,*,#2355,.T.);
#3121=ORIENTED_EDGE('',*,*,#2352,.T.);
#3122=ORIENTED_EDGE('',*,*,#2349,.T.);
#3123=ORIENTED_EDGE('',*,*,#2346,.T.);
#3124=ORIENTED_EDGE('',*,*,#2343,.T.);
#3125=ORIENTED_EDGE('',*,*,#2340,.T.);
#3126=ORIENTED_EDGE('',*,*,#2337,.T.);
#3127=ORIENTED_EDGE('',*,*,#2334,.T.);
#3128=ORIENTED_EDGE('',*,*,#2331,.T.);
#3129=ORIENTED_EDGE('',*,*,#2328,.T.);
#3130=ORIENTED_EDGE('',*,*,#2325,.T.);
#3131=ORIENTED_EDGE('',*,*,#2322,.T.);
#3132=ORIENTED_EDGE('',*,*,#2319,.T.);
#3133=ORIENTED_EDGE('',*,*,#2316,.T.);
#3134=ORIENTED_EDGE('',*,*,#2313,.T.);
#3135=ORIENTED_EDGE('',*,*,#2310,.T.);
#3136=ORIENTED_EDGE('',*,*,#2307,.T.);
#3137=ORIENTED_EDGE('',*,*,#2304,.T.);
#3138=ORIENTED_EDGE('',*,*,#2301,.T.);
#3139=ORIENTED_EDGE('',*,*,#2298,.T.);
#3140=ORIENTED_EDGE('',*,*,#2295,.T.);
#3141=ORIENTED_EDGE('',*,*,#2292,.T.);
#3142=ORIENTED_EDGE('',*,*,#2289,.T.);
#3143=ORIENTED_EDGE('',*,*,#2286,.T.);
#3144=ORIENTED_EDGE('',*,*,#2283,.T.);
#3145=ORIENTED_EDGE('',*,*,#2280,.T.);
#3146=ORIENTED_EDGE('',*,*,#2277,.T.);
#3147=ORIENTED_EDGE('',*,*,#2274,.T.);
#3148=ORIENTED_EDGE('',*,*,#2271,.T.);
#3149=ORIENTED_EDGE('',*,*,#2268,.T.);
#3150=ORIENTED_EDGE('',*,*,#2265,.T.);
#3151=ORIENTED_EDGE('',*,*,#2262,.T.);
#3152=ORIENTED_EDGE('',*,*,#2259,.T.);
#3153=ORIENTED_EDGE('',*,*,#2256,.T.);
#3154=ORIENTED_EDGE('',*,*,#2253,.T.);
#3155=ORIENTED_EDGE('',*,*,#2248,.T.);
#3156=ORIENTED_EDGE('',*,*,#2247,.T.);
#3157=ORIENTED_EDGE('',*,*,#2244,.T.);
#3158=ORIENTED_EDGE('',*,*,#2241,.T.);
#3159=ORIENTED_EDGE('',*,*,#2238,.T.);
#3160=ORIENTED_EDGE('',*,*,#2233,.T.);
#3161=ORIENTED_EDGE('',*,*,#2232,.T.);
#3162=ORIENTED_EDGE('',*,*,#2229,.T.);
#3163=ORIENTED_EDGE('',*,*,#2226,.T.);
#3164=ORIENTED_EDGE('',*,*,#2223,.T.);
#3165=ORIENTED_EDGE('',*,*,#2220,.T.);
#3166=ORIENTED_EDGE('',*,*,#2217,.T.);
#3167=ORIENTED_EDGE('',*,*,#2214,.T.);
#3168=ORIENTED_EDGE('',*,*,#2211,.T.);
#3169=ORIENTED_EDGE('',*,*,#2208,.T.);
#3170=ORIENTED_EDGE('',*,*,#2205,.T.);
#3171=ORIENTED_EDGE('',*,*,#2202,.T.);
#3172=ORIENTED_EDGE('',*,*,#2199,.T.);
#3173=ORIENTED_EDGE('',*,*,#2196,.T.);
#3174=ORIENTED_EDGE('',*,*,#2193,.T.);
#3175=ORIENTED_EDGE('',*,*,#2190,.T.);
#3176=ORIENTED_EDGE('',*,*,#2187,.T.);
#3177=ORIENTED_EDGE('',*,*,#2184,.T.);
#3178=ORIENTED_EDGE('',*,*,#2181,.T.);
#3179=ORIENTED_EDGE('',*,*,#2178,.T.);
#3180=ORIENTED_EDGE('',*,*,#2175,.T.);
#3181=ORIENTED_EDGE('',*,*,#2172,.T.);
#3182=ORIENTED_EDGE('',*,*,#2169,.T.);
#3183=ORIENTED_EDGE('',*,*,#2166,.T.);
#3184=ORIENTED_EDGE('',*,*,#2163,.T.);
#3185=ORIENTED_EDGE('',*,*,#2160,.T.);
#3186=ORIENTED_EDGE('',*,*,#2157,.T.);
#3187=ORIENTED_EDGE('',*,*,#2154,.T.);
#3188=ORIENTED_EDGE('',*,*,#2151,.T.);
#3189=ORIENTED_EDGE('',*,*,#2148,.T.);
#3190=ORIENTED_EDGE('',*,*,#2145,.T.);
#3191=ORIENTED_EDGE('',*,*,#2142,.T.);
#3192=ORIENTED_EDGE('',*,*,#2139,.T.);
#3193=ORIENTED_EDGE('',*,*,#2136,.T.);
#3194=ORIENTED_EDGE('',*,*,#2133,.T.);
#3195=ORIENTED_EDGE('',*,*,#2130,.T.);
#3196=ORIENTED_EDGE('',*,*,#2127,.T.);
#3197=ORIENTED_EDGE('',*,*,#2124,.T.);
#3198=ORIENTED_EDGE('',*,*,#2121,.T.);
#3199=ORIENTED_EDGE('',*,*,#2118,.T.);
#3200=ORIENTED_EDGE('',*,*,#2115,.T.);
#3201=ORIENTED_EDGE('',*,*,#2112,.T.);
#3202=ORIENTED_EDGE('',*,*,#2109,.T.);
#3203=ORIENTED_EDGE('',*,*,#2106,.T.);
#3204=ORIENTED_EDGE('',*,*,#2103,.T.);
#3205=ORIENTED_EDGE('',*,*,#2100,.T.);
#3206=ORIENTED_EDGE('',*,*,#2097,.T.);
#3207=ORIENTED_EDGE('',*,*,#2094,.T.);
#3208=ORIENTED_EDGE('',*,*,#2091,.T.);
#3209=ORIENTED_EDGE('',*,*,#2086,.T.);
#3210=ORIENTED_EDGE('',*,*,#2085,.T.);
#3211=ORIENTED_EDGE('',*,*,#2082,.T.);
#3212=ORIENTED_EDGE('',*,*,#2079,.T.);
#3213=ORIENTED_EDGE('',*,*,#2076,.T.);
#3214=ORIENTED_EDGE('',*,*,#2073,.T.);
#3215=ORIENTED_EDGE('',*,*,#2070,.T.);
#3216=ORIENTED_EDGE('',*,*,#2067,.T.);
#3217=ORIENTED_EDGE('',*,*,#2064,.T.);
#3218=ORIENTED_EDGE('',*,*,#2061,.T.);
#3219=ORIENTED_EDGE('',*,*,#2058,.T.);
#3220=ORIENTED_EDGE('',*,*,#2055,.T.);
#3221=ORIENTED_EDGE('',*,*,#2052,.T.);
#3222=ORIENTED_EDGE('',*,*,#2049,.T.);
#3223=ORIENTED_EDGE('',*,*,#2046,.T.);
#3224=ORIENTED_EDGE('',*,*,#2043,.T.);
#3225=ORIENTED_EDGE('',*,*,#2040,.T.);
#3226=ORIENTED_EDGE('',*,*,#2037,.T.);
#3227=ORIENTED_EDGE('',*,*,#2034,.T.);
#3228=ORIENTED_EDGE('',*,*,#2031,.T.);
#3229=ORIENTED_EDGE('',*,*,#2028,.T.);
#3230=ORIENTED_EDGE('',*,*,#2025,.T.);
#3231=ORIENTED_EDGE('',*,*,#2022,.T.);
#3232=ORIENTED_EDGE('',*,*,#2019,.T.);
#3233=ORIENTED_EDGE('',*,*,#2016,.T.);
#3234=ORIENTED_EDGE('',*,*,#2013,.T.);
#3235=ORIENTED_EDGE('',*,*,#2010,.T.);
#3236=ORIENTED_EDGE('',*,*,#2007,.T.);
#3237=ORIENTED_EDGE('',*,*,#2004,.T.);
#3238=ORIENTED_EDGE('',*,*,#2001,.T.);
#3239=ORIENTED_EDGE('',*,*,#1998,.T.);
#3240=ORIENTED_EDGE('',*,*,#1995,.T.);
#3241=ORIENTED_EDGE('',*,*,#1992,.T.);
#3242=ORIENTED_EDGE('',*,*,#1989,.T.);
#3243=ORIENTED_EDGE('',*,*,#1986,.T.);
#3244=ORIENTED_EDGE('',*,*,#1983,.T.);
#3245=ORIENTED_EDGE('',*,*,#1980,.T.);
#3246=ORIENTED_EDGE('',*,*,#1977,.T.);
#3247=ORIENTED_EDGE('',*,*,#1974,.T.);
#3248=ORIENTED_EDGE('',*,*,#1971,.T.);
#3249=ORIENTED_EDGE('',*,*,#1968,.T.);
#3250=ORIENTED_EDGE('',*,*,#1965,.T.);
#3251=ORIENTED_EDGE('',*,*,#1962,.T.);
#3252=ORIENTED_EDGE('',*,*,#1959,.T.);
#3253=ORIENTED_EDGE('',*,*,#1956,.T.);
#3254=ORIENTED_EDGE('',*,*,#1953,.T.);
#3255=ORIENTED_EDGE('',*,*,#1950,.T.);
#3256=ORIENTED_EDGE('',*,*,#1947,.T.);
#3257=ORIENTED_EDGE('',*,*,#1944,.T.);
#3258=ORIENTED_EDGE('',*,*,#1939,.T.);
#3259=ORIENTED_EDGE('',*,*,#1938,.T.);
#3260=ORIENTED_EDGE('',*,*,#1935,.T.);
#3261=ORIENTED_EDGE('',*,*,#1932,.T.);
#3262=ORIENTED_EDGE('',*,*,#1929,.T.);
#3263=ORIENTED_EDGE('',*,*,#1926,.T.);
#3264=ORIENTED_EDGE('',*,*,#1923,.T.);
#3265=ORIENTED_EDGE('',*,*,#1920,.T.);
#3266=ORIENTED_EDGE('',*,*,#1917,.T.);
#3267=ORIENTED_EDGE('',*,*,#1914,.T.);
#3268=ORIENTED_EDGE('',*,*,#1911,.T.);
#3269=ORIENTED_EDGE('',*,*,#1908,.T.);
#3270=ORIENTED_EDGE('',*,*,#1905,.T.);
#3271=ORIENTED_EDGE('',*,*,#1902,.T.);
#3272=ORIENTED_EDGE('',*,*,#1899,.T.);
#3273=ORIENTED_EDGE('',*,*,#1896,.T.);
#3274=ORIENTED_EDGE('',*,*,#1893,.T.);
#3275=ORIENTED_EDGE('',*,*,#1890,.T.);
#3276=ORIENTED_EDGE('',*,*,#1887,.T.);
#3277=ORIENTED_EDGE('',*,*,#1884,.T.);
#3278=ORIENTED_EDGE('',*,*,#1878,.T.);
#3279=ORIENTED_EDGE('',*,*,#1881,.T.);
#3280=ORIENTED_EDGE('',*,*,#1883,.T.);
#3281=ORIENTED_EDGE('',*,*,#2390,.T.);
#3282=ORIENTED_EDGE('',*,*,#2359,.F.);
#3283=ORIENTED_EDGE('',*,*,#2363,.T.);
#3284=ORIENTED_EDGE('',*,*,#2366,.T.);
#3285=ORIENTED_EDGE('',*,*,#2369,.F.);
#3286=ORIENTED_EDGE('',*,*,#2372,.F.);
#3287=ORIENTED_EDGE('',*,*,#2375,.F.);
#3288=ORIENTED_EDGE('',*,*,#2378,.T.);
#3289=ORIENTED_EDGE('',*,*,#2381,.F.);
#3290=ORIENTED_EDGE('',*,*,#2384,.F.);
#3291=ORIENTED_EDGE('',*,*,#2387,.F.);
#3292=ORIENTED_EDGE('',*,*,#1895,.F.);
#3293=ORIENTED_EDGE('',*,*,#1885,.F.);
#3294=ORIENTED_EDGE('',*,*,#1889,.F.);
#3295=ORIENTED_EDGE('',*,*,#1892,.F.);
#3296=ORIENTED_EDGE('',*,*,#1919,.F.);
#3297=ORIENTED_EDGE('',*,*,#1897,.F.);
#3298=ORIENTED_EDGE('',*,*,#1901,.F.);
#3299=ORIENTED_EDGE('',*,*,#1904,.F.);
#3300=ORIENTED_EDGE('',*,*,#1907,.F.);
#3301=ORIENTED_EDGE('',*,*,#1910,.F.);
#3302=ORIENTED_EDGE('',*,*,#1913,.F.);
#3303=ORIENTED_EDGE('',*,*,#1916,.F.);
#3304=ORIENTED_EDGE('',*,*,#1937,.F.);
#3305=ORIENTED_EDGE('',*,*,#1921,.F.);
#3306=ORIENTED_EDGE('',*,*,#1925,.F.);
#3307=ORIENTED_EDGE('',*,*,#1928,.F.);
#3308=ORIENTED_EDGE('',*,*,#1931,.F.);
#3309=ORIENTED_EDGE('',*,*,#1934,.F.);
#3310=ORIENTED_EDGE('',*,*,#1941,.F.);
#3311=ORIENTED_EDGE('',*,*,#1952,.F.);
#3312=ORIENTED_EDGE('',*,*,#1942,.F.);
#3313=ORIENTED_EDGE('',*,*,#1946,.F.);
#3314=ORIENTED_EDGE('',*,*,#1949,.F.);
#3315=ORIENTED_EDGE('',*,*,#1964,.F.);
#3316=ORIENTED_EDGE('',*,*,#1954,.F.);
#3317=ORIENTED_EDGE('',*,*,#1958,.F.);
#3318=ORIENTED_EDGE('',*,*,#1961,.F.);
#3319=ORIENTED_EDGE('',*,*,#1976,.F.);
#3320=ORIENTED_EDGE('',*,*,#1966,.F.);
#3321=ORIENTED_EDGE('',*,*,#1970,.F.);
#3322=ORIENTED_EDGE('',*,*,#1973,.F.);
#3323=ORIENTED_EDGE('',*,*,#2000,.F.);
#3324=ORIENTED_EDGE('',*,*,#1978,.F.);
#3325=ORIENTED_EDGE('',*,*,#1982,.F.);
#3326=ORIENTED_EDGE('',*,*,#1985,.F.);
#3327=ORIENTED_EDGE('',*,*,#1988,.F.);
#3328=ORIENTED_EDGE('',*,*,#1991,.F.);
#3329=ORIENTED_EDGE('',*,*,#1994,.F.);
#3330=ORIENTED_EDGE('',*,*,#1997,.F.);
#3331=ORIENTED_EDGE('',*,*,#2012,.F.);
#3332=ORIENTED_EDGE('',*,*,#2002,.F.);
#3333=ORIENTED_EDGE('',*,*,#2006,.F.);
#3334=ORIENTED_EDGE('',*,*,#2009,.F.);
#3335=ORIENTED_EDGE('',*,*,#2036,.F.);
#3336=ORIENTED_EDGE('',*,*,#2014,.F.);
#3337=ORIENTED_EDGE('',*,*,#2018,.F.);
#3338=ORIENTED_EDGE('',*,*,#2021,.F.);
#3339=ORIENTED_EDGE('',*,*,#2024,.F.);
#3340=ORIENTED_EDGE('',*,*,#2027,.F.);
#3341=ORIENTED_EDGE('',*,*,#2030,.F.);
#3342=ORIENTED_EDGE('',*,*,#2033,.F.);
#3343=ORIENTED_EDGE('',*,*,#2060,.F.);
#3344=ORIENTED_EDGE('',*,*,#2038,.F.);
#3345=ORIENTED_EDGE('',*,*,#2042,.F.);
#3346=ORIENTED_EDGE('',*,*,#2045,.F.);
#3347=ORIENTED_EDGE('',*,*,#2048,.F.);
#3348=ORIENTED_EDGE('',*,*,#2051,.F.);
#3349=ORIENTED_EDGE('',*,*,#2054,.F.);
#3350=ORIENTED_EDGE('',*,*,#2057,.F.);
#3351=ORIENTED_EDGE('',*,*,#2084,.F.);
#3352=ORIENTED_EDGE('',*,*,#2062,.F.);
#3353=ORIENTED_EDGE('',*,*,#2066,.F.);
#3354=ORIENTED_EDGE('',*,*,#2069,.F.);
#3355=ORIENTED_EDGE('',*,*,#2072,.F.);
#3356=ORIENTED_EDGE('',*,*,#2075,.F.);
#3357=ORIENTED_EDGE('',*,*,#2078,.F.);
#3358=ORIENTED_EDGE('',*,*,#2081,.F.);
#3359=ORIENTED_EDGE('',*,*,#2088,.F.);
#3360=ORIENTED_EDGE('',*,*,#2111,.F.);
#3361=ORIENTED_EDGE('',*,*,#2089,.F.);
#3362=ORIENTED_EDGE('',*,*,#2093,.F.);
#3363=ORIENTED_EDGE('',*,*,#2096,.F.);
#3364=ORIENTED_EDGE('',*,*,#2099,.F.);
#3365=ORIENTED_EDGE('',*,*,#2102,.F.);
#3366=ORIENTED_EDGE('',*,*,#2105,.F.);
#3367=ORIENTED_EDGE('',*,*,#2108,.F.);
#3368=ORIENTED_EDGE('',*,*,#2135,.F.);
#3369=ORIENTED_EDGE('',*,*,#2113,.F.);
#3370=ORIENTED_EDGE('',*,*,#2117,.F.);
#3371=ORIENTED_EDGE('',*,*,#2120,.F.);
#3372=ORIENTED_EDGE('',*,*,#2123,.F.);
#3373=ORIENTED_EDGE('',*,*,#2126,.F.);
#3374=ORIENTED_EDGE('',*,*,#2129,.F.);
#3375=ORIENTED_EDGE('',*,*,#2132,.F.);
#3376=ORIENTED_EDGE('',*,*,#2159,.F.);
#3377=ORIENTED_EDGE('',*,*,#2137,.F.);
#3378=ORIENTED_EDGE('',*,*,#2141,.F.);
#3379=ORIENTED_EDGE('',*,*,#2144,.F.);
#3380=ORIENTED_EDGE('',*,*,#2147,.F.);
#3381=ORIENTED_EDGE('',*,*,#2150,.F.);
#3382=ORIENTED_EDGE('',*,*,#2153,.F.);
#3383=ORIENTED_EDGE('',*,*,#2156,.F.);
#3384=ORIENTED_EDGE('',*,*,#2171,.F.);
#3385=ORIENTED_EDGE('',*,*,#2161,.F.);
#3386=ORIENTED_EDGE('',*,*,#2165,.F.);
#3387=ORIENTED_EDGE('',*,*,#2168,.F.);
#3388=ORIENTED_EDGE('',*,*,#2183,.F.);
#3389=ORIENTED_EDGE('',*,*,#2173,.F.);
#3390=ORIENTED_EDGE('',*,*,#2177,.F.);
#3391=ORIENTED_EDGE('',*,*,#2180,.F.);
#3392=ORIENTED_EDGE('',*,*,#2195,.F.);
#3393=ORIENTED_EDGE('',*,*,#2185,.F.);
#3394=ORIENTED_EDGE('',*,*,#2189,.F.);
#3395=ORIENTED_EDGE('',*,*,#2192,.F.);
#3396=ORIENTED_EDGE('',*,*,#2207,.F.);
#3397=ORIENTED_EDGE('',*,*,#2197,.F.);
#3398=ORIENTED_EDGE('',*,*,#2201,.F.);
#3399=ORIENTED_EDGE('',*,*,#2204,.F.);
#3400=ORIENTED_EDGE('',*,*,#2231,.F.);
#3401=ORIENTED_EDGE('',*,*,#2209,.F.);
#3402=ORIENTED_EDGE('',*,*,#2213,.F.);
#3403=ORIENTED_EDGE('',*,*,#2216,.F.);
#3404=ORIENTED_EDGE('',*,*,#2219,.F.);
#3405=ORIENTED_EDGE('',*,*,#2222,.F.);
#3406=ORIENTED_EDGE('',*,*,#2225,.F.);
#3407=ORIENTED_EDGE('',*,*,#2228,.F.);
#3408=ORIENTED_EDGE('',*,*,#2235,.F.);
#3409=ORIENTED_EDGE('',*,*,#2246,.F.);
#3410=ORIENTED_EDGE('',*,*,#2236,.F.);
#3411=ORIENTED_EDGE('',*,*,#2240,.F.);
#3412=ORIENTED_EDGE('',*,*,#2243,.F.);
#3413=ORIENTED_EDGE('',*,*,#2250,.F.);
#3414=ORIENTED_EDGE('',*,*,#2273,.F.);
#3415=ORIENTED_EDGE('',*,*,#2251,.F.);
#3416=ORIENTED_EDGE('',*,*,#2255,.F.);
#3417=ORIENTED_EDGE('',*,*,#2258,.F.);
#3418=ORIENTED_EDGE('',*,*,#2261,.F.);
#3419=ORIENTED_EDGE('',*,*,#2264,.F.);
#3420=ORIENTED_EDGE('',*,*,#2267,.F.);
#3421=ORIENTED_EDGE('',*,*,#2270,.F.);
#3422=ORIENTED_EDGE('',*,*,#2297,.F.);
#3423=ORIENTED_EDGE('',*,*,#2275,.F.);
#3424=ORIENTED_EDGE('',*,*,#2279,.F.);
#3425=ORIENTED_EDGE('',*,*,#2282,.F.);
#3426=ORIENTED_EDGE('',*,*,#2285,.F.);
#3427=ORIENTED_EDGE('',*,*,#2288,.F.);
#3428=ORIENTED_EDGE('',*,*,#2291,.F.);
#3429=ORIENTED_EDGE('',*,*,#2294,.F.);
#3430=ORIENTED_EDGE('',*,*,#2309,.F.);
#3431=ORIENTED_EDGE('',*,*,#2299,.F.);
#3432=ORIENTED_EDGE('',*,*,#2303,.F.);
#3433=ORIENTED_EDGE('',*,*,#2306,.F.);
#3434=ORIENTED_EDGE('',*,*,#2333,.F.);
#3435=ORIENTED_EDGE('',*,*,#2311,.F.);
#3436=ORIENTED_EDGE('',*,*,#2315,.F.);
#3437=ORIENTED_EDGE('',*,*,#2318,.F.);
#3438=ORIENTED_EDGE('',*,*,#2321,.F.);
#3439=ORIENTED_EDGE('',*,*,#2324,.F.);
#3440=ORIENTED_EDGE('',*,*,#2327,.F.);
#3441=ORIENTED_EDGE('',*,*,#2330,.F.);
#3442=ORIENTED_EDGE('',*,*,#2345,.F.);
#3443=ORIENTED_EDGE('',*,*,#2335,.F.);
#3444=ORIENTED_EDGE('',*,*,#2339,.F.);
#3445=ORIENTED_EDGE('',*,*,#2342,.F.);
#3446=ORIENTED_EDGE('',*,*,#2357,.F.);
#3447=ORIENTED_EDGE('',*,*,#2347,.F.);
#3448=ORIENTED_EDGE('',*,*,#2351,.F.);
#3449=ORIENTED_EDGE('',*,*,#2354,.F.);
#3450=ORIENTED_EDGE('',*,*,#1861,.T.);
#3451=ORIENTED_EDGE('',*,*,#1871,.T.);
#3452=ORIENTED_EDGE('',*,*,#1868,.T.);
#3453=ORIENTED_EDGE('',*,*,#1865,.T.);
#3454=PLANE('',#3772);
#3455=PLANE('',#3773);
#3456=PLANE('',#3774);
#3457=PLANE('',#3775);
#3458=PLANE('',#3776);
#3459=PLANE('',#3777);
#3460=PLANE('',#3778);
#3461=PLANE('',#3779);
#3462=PLANE('',#3780);
#3463=PLANE('',#3781);
#3464=PLANE('',#3782);
#3465=PLANE('',#3783);
#3466=PLANE('',#3784);
#3467=PLANE('',#3785);
#3468=PLANE('',#3789);
#3469=PLANE('',#3793);
#3470=PLANE('',#3797);
#3471=PLANE('',#3801);
#3472=PLANE('',#3802);
#3473=PLANE('',#3803);
#3474=PLANE('',#3804);
#3475=PLANE('',#3805);
#3476=PLANE('',#3806);
#3477=PLANE('',#3810);
#3478=PLANE('',#3811);
#3479=PLANE('',#3812);
#3480=PLANE('',#3813);
#3481=PLANE('',#3814);
#3482=PLANE('',#3815);
#3483=PLANE('',#3816);
#3484=PLANE('',#3817);
#3485=PLANE('',#3818);
#3486=PLANE('',#3819);
#3487=PLANE('',#3820);
#3488=PLANE('',#3821);
#3489=PLANE('',#3822);
#3490=PLANE('',#3826);
#3491=PLANE('',#3830);
#3492=PLANE('',#3834);
#3493=PLANE('',#3838);
#3494=PLANE('',#3839);
#3495=PLANE('',#3840);
#3496=PLANE('',#3841);
#3497=PLANE('',#3842);
#3498=PLANE('',#3846);
#3499=PLANE('',#3850);
#3500=PLANE('',#3854);
#3501=PLANE('',#3858);
#3502=PLANE('',#3862);
#3503=PLANE('',#3866);
#3504=PLANE('',#3870);
#3505=PLANE('',#3874);
#3506=PLANE('',#3878);
#3507=PLANE('',#3882);
#3508=PLANE('',#3886);
#3509=PLANE('',#3893);
#3510=PLANE('',#3897);
#3511=PLANE('',#3901);
#3512=PLANE('',#3905);
#3513=PLANE('',#3909);
#3514=PLANE('',#3913);
#3515=PLANE('',#3917);
#3516=PLANE('',#3921);
#3517=PLANE('',#3925);
#3518=PLANE('',#3929);
#3519=PLANE('',#3933);
#3520=PLANE('',#3937);
#3521=PLANE('',#3941);
#3522=PLANE('',#3942);
#3523=PLANE('',#3943);
#3524=PLANE('',#3944);
#3525=PLANE('',#3945);
#3526=PLANE('',#3946);
#3527=PLANE('',#3947);
#3528=PLANE('',#3948);
#3529=PLANE('',#3949);
#3530=PLANE('',#3950);
#3531=PLANE('',#3951);
#3532=PLANE('',#3952);
#3533=PLANE('',#3953);
#3534=PLANE('',#3954);
#3535=PLANE('',#3955);
#3536=PLANE('',#3956);
#3537=PLANE('',#3957);
#3538=PLANE('',#3961);
#3539=PLANE('',#3965);
#3540=PLANE('',#3969);
#3541=PLANE('',#3976);
#3542=PLANE('',#3977);
#3543=PLANE('',#3978);
#3544=PLANE('',#3979);
#3545=PLANE('',#3983);
#3546=PLANE('',#3987);
#3547=PLANE('',#3991);
#3548=PLANE('',#3995);
#3549=PLANE('',#3999);
#3550=PLANE('',#4003);
#3551=PLANE('',#4007);
#3552=PLANE('',#4011);
#3553=PLANE('',#4015);
#3554=PLANE('',#4016);
#3555=PLANE('',#4017);
#3556=PLANE('',#4018);
#3557=PLANE('',#4019);
#3558=PLANE('',#4023);
#3559=PLANE('',#4027);
#3560=PLANE('',#4031);
#3561=PLANE('',#4035);
#3562=PLANE('',#4036);
#3563=PLANE('',#4037);
#3564=PLANE('',#4038);
#3565=PLANE('',#4039);
#3566=PLANE('',#4040);
#3567=PLANE('',#4041);
#3568=PLANE('',#4042);
#3569=PLANE('',#4046);
#3570=PLANE('',#4047);
#3571=PLANE('',#4048);
#3572=PLANE('',#4049);
#3573=PLANE('',#4053);
#3574=PLANE('',#4057);
#3575=PLANE('',#4061);
#3576=PLANE('',#4062);
#3577=PLANE('',#4063);
#3578=ADVANCED_FACE('',(#246),#3454,.F.);
#3579=ADVANCED_FACE('',(#247),#3455,.F.);
#3580=ADVANCED_FACE('',(#248),#3456,.F.);
#3581=ADVANCED_FACE('',(#249),#3457,.F.);
#3582=ADVANCED_FACE('',(#250,#183),#3458,.F.);
#3583=ADVANCED_FACE('',(#251),#3459,.T.);
#3584=ADVANCED_FACE('',(#252),#3460,.T.);
#3585=ADVANCED_FACE('',(#253),#3461,.T.);
#3586=ADVANCED_FACE('',(#254),#3462,.T.);
#3587=ADVANCED_FACE('',(#255),#3463,.T.);
#3588=ADVANCED_FACE('',(#256),#3464,.T.);
#3589=ADVANCED_FACE('',(#257),#3465,.T.);
#3590=ADVANCED_FACE('',(#258),#3466,.T.);
#3591=ADVANCED_FACE('',(#259),#3467,.T.);
#3592=ADVANCED_FACE('',(#260),#127,.F.);
#3593=ADVANCED_FACE('',(#261),#3468,.T.);
#3594=ADVANCED_FACE('',(#262),#128,.F.);
#3595=ADVANCED_FACE('',(#263),#3469,.T.);
#3596=ADVANCED_FACE('',(#264),#129,.F.);
#3597=ADVANCED_FACE('',(#265),#3470,.T.);
#3598=ADVANCED_FACE('',(#266),#130,.F.);
#3599=ADVANCED_FACE('',(#267),#3471,.T.);
#3600=ADVANCED_FACE('',(#268),#3472,.T.);
#3601=ADVANCED_FACE('',(#269),#3473,.T.);
#3602=ADVANCED_FACE('',(#270),#3474,.T.);
#3603=ADVANCED_FACE('',(#271),#3475,.T.);
#3604=ADVANCED_FACE('',(#272),#3476,.T.);
#3605=ADVANCED_FACE('',(#273),#131,.F.);
#3606=ADVANCED_FACE('',(#274),#3477,.T.);
#3607=ADVANCED_FACE('',(#275),#3478,.T.);
#3608=ADVANCED_FACE('',(#276),#3479,.T.);
#3609=ADVANCED_FACE('',(#277),#3480,.T.);
#3610=ADVANCED_FACE('',(#278),#3481,.T.);
#3611=ADVANCED_FACE('',(#279),#3482,.T.);
#3612=ADVANCED_FACE('',(#280),#3483,.T.);
#3613=ADVANCED_FACE('',(#281),#3484,.T.);
#3614=ADVANCED_FACE('',(#282),#3485,.T.);
#3615=ADVANCED_FACE('',(#283),#3486,.T.);
#3616=ADVANCED_FACE('',(#284),#3487,.T.);
#3617=ADVANCED_FACE('',(#285),#3488,.T.);
#3618=ADVANCED_FACE('',(#286),#3489,.T.);
#3619=ADVANCED_FACE('',(#287),#132,.F.);
#3620=ADVANCED_FACE('',(#288),#3490,.T.);
#3621=ADVANCED_FACE('',(#289),#133,.F.);
#3622=ADVANCED_FACE('',(#290),#3491,.T.);
#3623=ADVANCED_FACE('',(#291),#134,.F.);
#3624=ADVANCED_FACE('',(#292),#3492,.T.);
#3625=ADVANCED_FACE('',(#293),#135,.F.);
#3626=ADVANCED_FACE('',(#294),#3493,.T.);
#3627=ADVANCED_FACE('',(#295),#3494,.T.);
#3628=ADVANCED_FACE('',(#296),#3495,.T.);
#3629=ADVANCED_FACE('',(#297),#3496,.T.);
#3630=ADVANCED_FACE('',(#298),#3497,.T.);
#3631=ADVANCED_FACE('',(#299),#136,.F.);
#3632=ADVANCED_FACE('',(#300),#3498,.T.);
#3633=ADVANCED_FACE('',(#301),#137,.F.);
#3634=ADVANCED_FACE('',(#302),#3499,.T.);
#3635=ADVANCED_FACE('',(#303),#138,.F.);
#3636=ADVANCED_FACE('',(#304),#3500,.T.);
#3637=ADVANCED_FACE('',(#305),#139,.F.);
#3638=ADVANCED_FACE('',(#306),#3501,.T.);
#3639=ADVANCED_FACE('',(#307),#140,.F.);
#3640=ADVANCED_FACE('',(#308),#3502,.T.);
#3641=ADVANCED_FACE('',(#309),#141,.F.);
#3642=ADVANCED_FACE('',(#310),#3503,.T.);
#3643=ADVANCED_FACE('',(#311),#142,.F.);
#3644=ADVANCED_FACE('',(#312),#3504,.T.);
#3645=ADVANCED_FACE('',(#313),#143,.F.);
#3646=ADVANCED_FACE('',(#314),#3505,.T.);
#3647=ADVANCED_FACE('',(#315),#144,.F.);
#3648=ADVANCED_FACE('',(#316),#3506,.T.);
#3649=ADVANCED_FACE('',(#317),#145,.F.);
#3650=ADVANCED_FACE('',(#318),#3507,.T.);
#3651=ADVANCED_FACE('',(#319),#146,.F.);
#3652=ADVANCED_FACE('',(#320),#3508,.T.);
#3653=ADVANCED_FACE('',(#321),#147,.F.);
#3654=ADVANCED_FACE('',(#322),#148,.F.);
#3655=ADVANCED_FACE('',(#323),#3509,.T.);
#3656=ADVANCED_FACE('',(#324),#149,.F.);
#3657=ADVANCED_FACE('',(#325),#3510,.T.);
#3658=ADVANCED_FACE('',(#326),#150,.F.);
#3659=ADVANCED_FACE('',(#327),#3511,.T.);
#3660=ADVANCED_FACE('',(#328),#151,.F.);
#3661=ADVANCED_FACE('',(#329),#3512,.T.);
#3662=ADVANCED_FACE('',(#330),#152,.F.);
#3663=ADVANCED_FACE('',(#331),#3513,.T.);
#3664=ADVANCED_FACE('',(#332),#153,.F.);
#3665=ADVANCED_FACE('',(#333),#3514,.T.);
#3666=ADVANCED_FACE('',(#334),#154,.F.);
#3667=ADVANCED_FACE('',(#335),#3515,.T.);
#3668=ADVANCED_FACE('',(#336),#155,.F.);
#3669=ADVANCED_FACE('',(#337),#3516,.T.);
#3670=ADVANCED_FACE('',(#338),#156,.F.);
#3671=ADVANCED_FACE('',(#339),#3517,.T.);
#3672=ADVANCED_FACE('',(#340),#157,.F.);
#3673=ADVANCED_FACE('',(#341),#3518,.T.);
#3674=ADVANCED_FACE('',(#342),#158,.F.);
#3675=ADVANCED_FACE('',(#343),#3519,.T.);
#3676=ADVANCED_FACE('',(#344),#159,.F.);
#3677=ADVANCED_FACE('',(#345),#3520,.T.);
#3678=ADVANCED_FACE('',(#346),#160,.F.);
#3679=ADVANCED_FACE('',(#347),#3521,.T.);
#3680=ADVANCED_FACE('',(#348),#3522,.T.);
#3681=ADVANCED_FACE('',(#349),#3523,.T.);
#3682=ADVANCED_FACE('',(#350),#3524,.T.);
#3683=ADVANCED_FACE('',(#351),#3525,.T.);
#3684=ADVANCED_FACE('',(#352),#3526,.T.);
#3685=ADVANCED_FACE('',(#353),#3527,.T.);
#3686=ADVANCED_FACE('',(#354),#3528,.T.);
#3687=ADVANCED_FACE('',(#355),#3529,.T.);
#3688=ADVANCED_FACE('',(#356),#3530,.T.);
#3689=ADVANCED_FACE('',(#357),#3531,.T.);
#3690=ADVANCED_FACE('',(#358),#3532,.T.);
#3691=ADVANCED_FACE('',(#359),#3533,.T.);
#3692=ADVANCED_FACE('',(#360),#3534,.T.);
#3693=ADVANCED_FACE('',(#361),#3535,.T.);
#3694=ADVANCED_FACE('',(#362),#3536,.T.);
#3695=ADVANCED_FACE('',(#363),#3537,.T.);
#3696=ADVANCED_FACE('',(#364),#161,.F.);
#3697=ADVANCED_FACE('',(#365),#3538,.T.);
#3698=ADVANCED_FACE('',(#366),#162,.F.);
#3699=ADVANCED_FACE('',(#367),#3539,.T.);
#3700=ADVANCED_FACE('',(#368),#163,.F.);
#3701=ADVANCED_FACE('',(#369),#3540,.T.);
#3702=ADVANCED_FACE('',(#370),#164,.F.);
#3703=ADVANCED_FACE('',(#371),#165,.F.);
#3704=ADVANCED_FACE('',(#372),#3541,.T.);
#3705=ADVANCED_FACE('',(#373),#3542,.T.);
#3706=ADVANCED_FACE('',(#374),#3543,.T.);
#3707=ADVANCED_FACE('',(#375),#3544,.T.);
#3708=ADVANCED_FACE('',(#376),#166,.F.);
#3709=ADVANCED_FACE('',(#377),#3545,.T.);
#3710=ADVANCED_FACE('',(#378),#167,.F.);
#3711=ADVANCED_FACE('',(#379),#3546,.T.);
#3712=ADVANCED_FACE('',(#380),#168,.F.);
#3713=ADVANCED_FACE('',(#381),#3547,.T.);
#3714=ADVANCED_FACE('',(#382),#169,.F.);
#3715=ADVANCED_FACE('',(#383),#3548,.T.);
#3716=ADVANCED_FACE('',(#384),#170,.F.);
#3717=ADVANCED_FACE('',(#385),#3549,.T.);
#3718=ADVANCED_FACE('',(#386),#171,.F.);
#3719=ADVANCED_FACE('',(#387),#3550,.T.);
#3720=ADVANCED_FACE('',(#388),#172,.F.);
#3721=ADVANCED_FACE('',(#389),#3551,.T.);
#3722=ADVANCED_FACE('',(#390),#173,.F.);
#3723=ADVANCED_FACE('',(#391),#3552,.T.);
#3724=ADVANCED_FACE('',(#392),#174,.F.);
#3725=ADVANCED_FACE('',(#393),#3553,.T.);
#3726=ADVANCED_FACE('',(#394),#3554,.T.);
#3727=ADVANCED_FACE('',(#395),#3555,.T.);
#3728=ADVANCED_FACE('',(#396),#3556,.T.);
#3729=ADVANCED_FACE('',(#397),#3557,.T.);
#3730=ADVANCED_FACE('',(#398),#175,.F.);
#3731=ADVANCED_FACE('',(#399),#3558,.T.);
#3732=ADVANCED_FACE('',(#400),#176,.F.);
#3733=ADVANCED_FACE('',(#401),#3559,.T.);
#3734=ADVANCED_FACE('',(#402),#177,.F.);
#3735=ADVANCED_FACE('',(#403),#3560,.T.);
#3736=ADVANCED_FACE('',(#404),#178,.F.);
#3737=ADVANCED_FACE('',(#405),#3561,.T.);
#3738=ADVANCED_FACE('',(#406),#3562,.T.);
#3739=ADVANCED_FACE('',(#407),#3563,.T.);
#3740=ADVANCED_FACE('',(#408),#3564,.T.);
#3741=ADVANCED_FACE('',(#409),#3565,.T.);
#3742=ADVANCED_FACE('',(#410),#3566,.T.);
#3743=ADVANCED_FACE('',(#411),#3567,.T.);
#3744=ADVANCED_FACE('',(#412),#3568,.T.);
#3745=ADVANCED_FACE('',(#413),#179,.T.);
#3746=ADVANCED_FACE('',(#414),#3569,.T.);
#3747=ADVANCED_FACE('',(#415),#3570,.T.);
#3748=ADVANCED_FACE('',(#416),#3571,.T.);
#3749=ADVANCED_FACE('',(#417),#3572,.T.);
#3750=ADVANCED_FACE('',(#418),#180,.T.);
#3751=ADVANCED_FACE('',(#419),#3573,.T.);
#3752=ADVANCED_FACE('',(#420),#181,.T.);
#3753=ADVANCED_FACE('',(#421),#3574,.T.);
#3754=ADVANCED_FACE('',(#422),#182,.T.);
#3755=ADVANCED_FACE('',(#423),#3575,.T.);
#3756=ADVANCED_FACE('',(#424,#184,#185,#186,#187,#188,#189,#190,#191,#192,
#193,#194,#195,#196,#197,#198,#199,#200,#201,#202,#203,#204,#205,#206,#207,
#208,#209,#210,#211,#212,#213,#214),#3576,.T.);
#3757=ADVANCED_FACE('',(#425,#215,#216,#217,#218,#219,#220,#221,#222,#223,
#224,#225,#226,#227,#228,#229,#230,#231,#232,#233,#234,#235,#236,#237,#238,
#239,#240,#241,#242,#243,#244,#245),#3577,.F.);
#3758=CLOSED_SHELL('',(#3578,#3579,#3580,#3581,#3582,#3583,#3584,#3585,
#3586,#3587,#3588,#3589,#3590,#3591,#3592,#3593,#3594,#3595,#3596,#3597,
#3598,#3599,#3600,#3601,#3602,#3603,#3604,#3605,#3606,#3607,#3608,#3609,
#3610,#3611,#3612,#3613,#3614,#3615,#3616,#3617,#3618,#3619,#3620,#3621,
#3622,#3623,#3624,#3625,#3626,#3627,#3628,#3629,#3630,#3631,#3632,#3633,
#3634,#3635,#3636,#3637,#3638,#3639,#3640,#3641,#3642,#3643,#3644,#3645,
#3646,#3647,#3648,#3649,#3650,#3651,#3652,#3653,#3654,#3655,#3656,#3657,
#3658,#3659,#3660,#3661,#3662,#3663,#3664,#3665,#3666,#3667,#3668,#3669,
#3670,#3671,#3672,#3673,#3674,#3675,#3676,#3677,#3678,#3679,#3680,#3681,
#3682,#3683,#3684,#3685,#3686,#3687,#3688,#3689,#3690,#3691,#3692,#3693,
#3694,#3695,#3696,#3697,#3698,#3699,#3700,#3701,#3702,#3703,#3704,#3705,
#3706,#3707,#3708,#3709,#3710,#3711,#3712,#3713,#3714,#3715,#3716,#3717,
#3718,#3719,#3720,#3721,#3722,#3723,#3724,#3725,#3726,#3727,#3728,#3729,
#3730,#3731,#3732,#3733,#3734,#3735,#3736,#3737,#3738,#3739,#3740,#3741,
#3742,#3743,#3744,#3745,#3746,#3747,#3748,#3749,#3750,#3751,#3752,#3753,
#3754,#3755,#3756,#3757));
#3759=DERIVED_UNIT_ELEMENT(#3761,1.);
#3760=DERIVED_UNIT_ELEMENT(#6140,-3.);
#3761=(
MASS_UNIT()
NAMED_UNIT(*)
SI_UNIT(.KILO.,.GRAM.)
);
#3762=DERIVED_UNIT((#3759,#3760));
#3763=MEASURE_REPRESENTATION_ITEM('density measure',
POSITIVE_RATIO_MEASURE(7850.),#3762);
#3764=PROPERTY_DEFINITION_REPRESENTATION(#3769,#3766);
#3765=PROPERTY_DEFINITION_REPRESENTATION(#3770,#3767);
#3766=REPRESENTATION('material name',(#3768),#6137);
#3767=REPRESENTATION('density',(#3763),#6137);
#3768=DESCRIPTIVE_REPRESENTATION_ITEM('Steel','Steel');
#3769=PROPERTY_DEFINITION('material property','material name',#6147);
#3770=PROPERTY_DEFINITION('material property','density of part',#6147);
#3771=AXIS2_PLACEMENT_3D('',#5069,#4064,#4065);
#3772=AXIS2_PLACEMENT_3D('',#5070,#4066,#4067);
#3773=AXIS2_PLACEMENT_3D('',#5079,#4072,#4073);
#3774=AXIS2_PLACEMENT_3D('',#5085,#4077,#4078);
#3775=AXIS2_PLACEMENT_3D('',#5091,#4082,#4083);
#3776=AXIS2_PLACEMENT_3D('',#5094,#4086,#4087);
#3777=AXIS2_PLACEMENT_3D('',#5103,#4092,#4093);
#3778=AXIS2_PLACEMENT_3D('',#5109,#4097,#4098);
#3779=AXIS2_PLACEMENT_3D('',#5113,#4101,#4102);
#3780=AXIS2_PLACEMENT_3D('',#5117,#4105,#4106);
#3781=AXIS2_PLACEMENT_3D('',#5119,#4108,#4109);
#3782=AXIS2_PLACEMENT_3D('',#5128,#4114,#4115);
#3783=AXIS2_PLACEMENT_3D('',#5134,#4119,#4120);
#3784=AXIS2_PLACEMENT_3D('',#5140,#4124,#4125);
#3785=AXIS2_PLACEMENT_3D('',#5143,#4128,#4129);
#3786=AXIS2_PLACEMENT_3D('',#5152,#4134,#4135);
#3787=AXIS2_PLACEMENT_3D('',#5154,#4136,#4137);
#3788=AXIS2_PLACEMENT_3D('',#5156,#4138,#4139);
#3789=AXIS2_PLACEMENT_3D('',#5158,#4141,#4142);
#3790=AXIS2_PLACEMENT_3D('',#5164,#4146,#4147);
#3791=AXIS2_PLACEMENT_3D('',#5166,#4148,#4149);
#3792=AXIS2_PLACEMENT_3D('',#5168,#4150,#4151);
#3793=AXIS2_PLACEMENT_3D('',#5170,#4153,#4154);
#3794=AXIS2_PLACEMENT_3D('',#5176,#4158,#4159);
#3795=AXIS2_PLACEMENT_3D('',#5178,#4160,#4161);
#3796=AXIS2_PLACEMENT_3D('',#5180,#4162,#4163);
#3797=AXIS2_PLACEMENT_3D('',#5182,#4165,#4166);
#3798=AXIS2_PLACEMENT_3D('',#5188,#4170,#4171);
#3799=AXIS2_PLACEMENT_3D('',#5189,#4172,#4173);
#3800=AXIS2_PLACEMENT_3D('',#5190,#4174,#4175);
#3801=AXIS2_PLACEMENT_3D('',#5191,#4176,#4177);
#3802=AXIS2_PLACEMENT_3D('',#5200,#4182,#4183);
#3803=AXIS2_PLACEMENT_3D('',#5206,#4187,#4188);
#3804=AXIS2_PLACEMENT_3D('',#5212,#4192,#4193);
#3805=AXIS2_PLACEMENT_3D('',#5218,#4197,#4198);
#3806=AXIS2_PLACEMENT_3D('',#5224,#4202,#4203);
#3807=AXIS2_PLACEMENT_3D('',#5227,#4206,#4207);
#3808=AXIS2_PLACEMENT_3D('',#5229,#4208,#4209);
#3809=AXIS2_PLACEMENT_3D('',#5232,#4211,#4212);
#3810=AXIS2_PLACEMENT_3D('',#5233,#4213,#4214);
#3811=AXIS2_PLACEMENT_3D('',#5242,#4219,#4220);
#3812=AXIS2_PLACEMENT_3D('',#5248,#4224,#4225);
#3813=AXIS2_PLACEMENT_3D('',#5254,#4229,#4230);
#3814=AXIS2_PLACEMENT_3D('',#5257,#4233,#4234);
#3815=AXIS2_PLACEMENT_3D('',#5266,#4239,#4240);
#3816=AXIS2_PLACEMENT_3D('',#5272,#4244,#4245);
#3817=AXIS2_PLACEMENT_3D('',#5278,#4249,#4250);
#3818=AXIS2_PLACEMENT_3D('',#5281,#4253,#4254);
#3819=AXIS2_PLACEMENT_3D('',#5290,#4259,#4260);
#3820=AXIS2_PLACEMENT_3D('',#5296,#4264,#4265);
#3821=AXIS2_PLACEMENT_3D('',#5302,#4269,#4270);
#3822=AXIS2_PLACEMENT_3D('',#5305,#4273,#4274);
#3823=AXIS2_PLACEMENT_3D('',#5314,#4279,#4280);
#3824=AXIS2_PLACEMENT_3D('',#5316,#4281,#4282);
#3825=AXIS2_PLACEMENT_3D('',#5318,#4283,#4284);
#3826=AXIS2_PLACEMENT_3D('',#5320,#4286,#4287);
#3827=AXIS2_PLACEMENT_3D('',#5326,#4291,#4292);
#3828=AXIS2_PLACEMENT_3D('',#5328,#4293,#4294);
#3829=AXIS2_PLACEMENT_3D('',#5330,#4295,#4296);
#3830=AXIS2_PLACEMENT_3D('',#5332,#4298,#4299);
#3831=AXIS2_PLACEMENT_3D('',#5338,#4303,#4304);
#3832=AXIS2_PLACEMENT_3D('',#5340,#4305,#4306);
#3833=AXIS2_PLACEMENT_3D('',#5342,#4307,#4308);
#3834=AXIS2_PLACEMENT_3D('',#5344,#4310,#4311);
#3835=AXIS2_PLACEMENT_3D('',#5350,#4315,#4316);
#3836=AXIS2_PLACEMENT_3D('',#5351,#4317,#4318);
#3837=AXIS2_PLACEMENT_3D('',#5352,#4319,#4320);
#3838=AXIS2_PLACEMENT_3D('',#5353,#4321,#4322);
#3839=AXIS2_PLACEMENT_3D('',#5362,#4327,#4328);
#3840=AXIS2_PLACEMENT_3D('',#5368,#4332,#4333);
#3841=AXIS2_PLACEMENT_3D('',#5374,#4337,#4338);
#3842=AXIS2_PLACEMENT_3D('',#5377,#4341,#4342);
#3843=AXIS2_PLACEMENT_3D('',#5386,#4347,#4348);
#3844=AXIS2_PLACEMENT_3D('',#5388,#4349,#4350);
#3845=AXIS2_PLACEMENT_3D('',#5390,#4351,#4352);
#3846=AXIS2_PLACEMENT_3D('',#5392,#4354,#4355);
#3847=AXIS2_PLACEMENT_3D('',#5398,#4359,#4360);
#3848=AXIS2_PLACEMENT_3D('',#5400,#4361,#4362);
#3849=AXIS2_PLACEMENT_3D('',#5402,#4363,#4364);
#3850=AXIS2_PLACEMENT_3D('',#5404,#4366,#4367);
#3851=AXIS2_PLACEMENT_3D('',#5410,#4371,#4372);
#3852=AXIS2_PLACEMENT_3D('',#5412,#4373,#4374);
#3853=AXIS2_PLACEMENT_3D('',#5414,#4375,#4376);
#3854=AXIS2_PLACEMENT_3D('',#5416,#4378,#4379);
#3855=AXIS2_PLACEMENT_3D('',#5422,#4383,#4384);
#3856=AXIS2_PLACEMENT_3D('',#5423,#4385,#4386);
#3857=AXIS2_PLACEMENT_3D('',#5424,#4387,#4388);
#3858=AXIS2_PLACEMENT_3D('',#5425,#4389,#4390);
#3859=AXIS2_PLACEMENT_3D('',#5434,#4395,#4396);
#3860=AXIS2_PLACEMENT_3D('',#5436,#4397,#4398);
#3861=AXIS2_PLACEMENT_3D('',#5438,#4399,#4400);
#3862=AXIS2_PLACEMENT_3D('',#5440,#4402,#4403);
#3863=AXIS2_PLACEMENT_3D('',#5446,#4407,#4408);
#3864=AXIS2_PLACEMENT_3D('',#5448,#4409,#4410);
#3865=AXIS2_PLACEMENT_3D('',#5450,#4411,#4412);
#3866=AXIS2_PLACEMENT_3D('',#5452,#4414,#4415);
#3867=AXIS2_PLACEMENT_3D('',#5458,#4419,#4420);
#3868=AXIS2_PLACEMENT_3D('',#5460,#4421,#4422);
#3869=AXIS2_PLACEMENT_3D('',#5462,#4423,#4424);
#3870=AXIS2_PLACEMENT_3D('',#5464,#4426,#4427);
#3871=AXIS2_PLACEMENT_3D('',#5470,#4431,#4432);
#3872=AXIS2_PLACEMENT_3D('',#5471,#4433,#4434);
#3873=AXIS2_PLACEMENT_3D('',#5472,#4435,#4436);
#3874=AXIS2_PLACEMENT_3D('',#5473,#4437,#4438);
#3875=AXIS2_PLACEMENT_3D('',#5482,#4443,#4444);
#3876=AXIS2_PLACEMENT_3D('',#5484,#4445,#4446);
#3877=AXIS2_PLACEMENT_3D('',#5486,#4447,#4448);
#3878=AXIS2_PLACEMENT_3D('',#5488,#4450,#4451);
#3879=AXIS2_PLACEMENT_3D('',#5494,#4455,#4456);
#3880=AXIS2_PLACEMENT_3D('',#5496,#4457,#4458);
#3881=AXIS2_PLACEMENT_3D('',#5498,#4459,#4460);
#3882=AXIS2_PLACEMENT_3D('',#5500,#4462,#4463);
#3883=AXIS2_PLACEMENT_3D('',#5506,#4467,#4468);
#3884=AXIS2_PLACEMENT_3D('',#5508,#4469,#4470);
#3885=AXIS2_PLACEMENT_3D('',#5510,#4471,#4472);
#3886=AXIS2_PLACEMENT_3D('',#5512,#4474,#4475);
#3887=AXIS2_PLACEMENT_3D('',#5518,#4479,#4480);
#3888=AXIS2_PLACEMENT_3D('',#5519,#4481,#4482);
#3889=AXIS2_PLACEMENT_3D('',#5520,#4483,#4484);
#3890=AXIS2_PLACEMENT_3D('',#5521,#4485,#4486);
#3891=AXIS2_PLACEMENT_3D('',#5523,#4487,#4488);
#3892=AXIS2_PLACEMENT_3D('',#5526,#4490,#4491);
#3893=AXIS2_PLACEMENT_3D('',#5527,#4492,#4493);
#3894=AXIS2_PLACEMENT_3D('',#5536,#4498,#4499);
#3895=AXIS2_PLACEMENT_3D('',#5538,#4500,#4501);
#3896=AXIS2_PLACEMENT_3D('',#5540,#4502,#4503);
#3897=AXIS2_PLACEMENT_3D('',#5542,#4505,#4506);
#3898=AXIS2_PLACEMENT_3D('',#5548,#4510,#4511);
#3899=AXIS2_PLACEMENT_3D('',#5550,#4512,#4513);
#3900=AXIS2_PLACEMENT_3D('',#5552,#4514,#4515);
#3901=AXIS2_PLACEMENT_3D('',#5554,#4517,#4518);
#3902=AXIS2_PLACEMENT_3D('',#5560,#4522,#4523);
#3903=AXIS2_PLACEMENT_3D('',#5562,#4524,#4525);
#3904=AXIS2_PLACEMENT_3D('',#5564,#4526,#4527);
#3905=AXIS2_PLACEMENT_3D('',#5566,#4529,#4530);
#3906=AXIS2_PLACEMENT_3D('',#5572,#4534,#4535);
#3907=AXIS2_PLACEMENT_3D('',#5573,#4536,#4537);
#3908=AXIS2_PLACEMENT_3D('',#5574,#4538,#4539);
#3909=AXIS2_PLACEMENT_3D('',#5575,#4540,#4541);
#3910=AXIS2_PLACEMENT_3D('',#5584,#4546,#4547);
#3911=AXIS2_PLACEMENT_3D('',#5586,#4548,#4549);
#3912=AXIS2_PLACEMENT_3D('',#5588,#4550,#4551);
#3913=AXIS2_PLACEMENT_3D('',#5590,#4553,#4554);
#3914=AXIS2_PLACEMENT_3D('',#5596,#4558,#4559);
#3915=AXIS2_PLACEMENT_3D('',#5598,#4560,#4561);
#3916=AXIS2_PLACEMENT_3D('',#5600,#4562,#4563);
#3917=AXIS2_PLACEMENT_3D('',#5602,#4565,#4566);
#3918=AXIS2_PLACEMENT_3D('',#5608,#4570,#4571);
#3919=AXIS2_PLACEMENT_3D('',#5610,#4572,#4573);
#3920=AXIS2_PLACEMENT_3D('',#5612,#4574,#4575);
#3921=AXIS2_PLACEMENT_3D('',#5614,#4577,#4578);
#3922=AXIS2_PLACEMENT_3D('',#5620,#4582,#4583);
#3923=AXIS2_PLACEMENT_3D('',#5621,#4584,#4585);
#3924=AXIS2_PLACEMENT_3D('',#5622,#4586,#4587);
#3925=AXIS2_PLACEMENT_3D('',#5623,#4588,#4589);
#3926=AXIS2_PLACEMENT_3D('',#5632,#4594,#4595);
#3927=AXIS2_PLACEMENT_3D('',#5634,#4596,#4597);
#3928=AXIS2_PLACEMENT_3D('',#5636,#4598,#4599);
#3929=AXIS2_PLACEMENT_3D('',#5638,#4601,#4602);
#3930=AXIS2_PLACEMENT_3D('',#5644,#4606,#4607);
#3931=AXIS2_PLACEMENT_3D('',#5646,#4608,#4609);
#3932=AXIS2_PLACEMENT_3D('',#5648,#4610,#4611);
#3933=AXIS2_PLACEMENT_3D('',#5650,#4613,#4614);
#3934=AXIS2_PLACEMENT_3D('',#5656,#4618,#4619);
#3935=AXIS2_PLACEMENT_3D('',#5658,#4620,#4621);
#3936=AXIS2_PLACEMENT_3D('',#5660,#4622,#4623);
#3937=AXIS2_PLACEMENT_3D('',#5662,#4625,#4626);
#3938=AXIS2_PLACEMENT_3D('',#5668,#4630,#4631);
#3939=AXIS2_PLACEMENT_3D('',#5669,#4632,#4633);
#3940=AXIS2_PLACEMENT_3D('',#5670,#4634,#4635);
#3941=AXIS2_PLACEMENT_3D('',#5671,#4636,#4637);
#3942=AXIS2_PLACEMENT_3D('',#5680,#4642,#4643);
#3943=AXIS2_PLACEMENT_3D('',#5686,#4647,#4648);
#3944=AXIS2_PLACEMENT_3D('',#5692,#4652,#4653);
#3945=AXIS2_PLACEMENT_3D('',#5695,#4656,#4657);
#3946=AXIS2_PLACEMENT_3D('',#5704,#4662,#4663);
#3947=AXIS2_PLACEMENT_3D('',#5710,#4667,#4668);
#3948=AXIS2_PLACEMENT_3D('',#5716,#4672,#4673);
#3949=AXIS2_PLACEMENT_3D('',#5719,#4676,#4677);
#3950=AXIS2_PLACEMENT_3D('',#5728,#4682,#4683);
#3951=AXIS2_PLACEMENT_3D('',#5734,#4687,#4688);
#3952=AXIS2_PLACEMENT_3D('',#5740,#4692,#4693);
#3953=AXIS2_PLACEMENT_3D('',#5743,#4696,#4697);
#3954=AXIS2_PLACEMENT_3D('',#5752,#4702,#4703);
#3955=AXIS2_PLACEMENT_3D('',#5758,#4707,#4708);
#3956=AXIS2_PLACEMENT_3D('',#5764,#4712,#4713);
#3957=AXIS2_PLACEMENT_3D('',#5767,#4716,#4717);
#3958=AXIS2_PLACEMENT_3D('',#5776,#4722,#4723);
#3959=AXIS2_PLACEMENT_3D('',#5778,#4724,#4725);
#3960=AXIS2_PLACEMENT_3D('',#5780,#4726,#4727);
#3961=AXIS2_PLACEMENT_3D('',#5782,#4729,#4730);
#3962=AXIS2_PLACEMENT_3D('',#5788,#4734,#4735);
#3963=AXIS2_PLACEMENT_3D('',#5790,#4736,#4737);
#3964=AXIS2_PLACEMENT_3D('',#5792,#4738,#4739);
#3965=AXIS2_PLACEMENT_3D('',#5794,#4741,#4742);
#3966=AXIS2_PLACEMENT_3D('',#5800,#4746,#4747);
#3967=AXIS2_PLACEMENT_3D('',#5802,#4748,#4749);
#3968=AXIS2_PLACEMENT_3D('',#5804,#4750,#4751);
#3969=AXIS2_PLACEMENT_3D('',#5806,#4753,#4754);
#3970=AXIS2_PLACEMENT_3D('',#5812,#4758,#4759);
#3971=AXIS2_PLACEMENT_3D('',#5813,#4760,#4761);
#3972=AXIS2_PLACEMENT_3D('',#5814,#4762,#4763);
#3973=AXIS2_PLACEMENT_3D('',#5815,#4764,#4765);
#3974=AXIS2_PLACEMENT_3D('',#5817,#4766,#4767);
#3975=AXIS2_PLACEMENT_3D('',#5820,#4769,#4770);
#3976=AXIS2_PLACEMENT_3D('',#5821,#4771,#4772);
#3977=AXIS2_PLACEMENT_3D('',#5830,#4777,#4778);
#3978=AXIS2_PLACEMENT_3D('',#5836,#4782,#4783);
#3979=AXIS2_PLACEMENT_3D('',#5842,#4787,#4788);
#3980=AXIS2_PLACEMENT_3D('',#5845,#4791,#4792);
#3981=AXIS2_PLACEMENT_3D('',#5847,#4793,#4794);
#3982=AXIS2_PLACEMENT_3D('',#5850,#4796,#4797);
#3983=AXIS2_PLACEMENT_3D('',#5851,#4798,#4799);
#3984=AXIS2_PLACEMENT_3D('',#5860,#4804,#4805);
#3985=AXIS2_PLACEMENT_3D('',#5862,#4806,#4807);
#3986=AXIS2_PLACEMENT_3D('',#5864,#4808,#4809);
#3987=AXIS2_PLACEMENT_3D('',#5866,#4811,#4812);
#3988=AXIS2_PLACEMENT_3D('',#5872,#4816,#4817);
#3989=AXIS2_PLACEMENT_3D('',#5874,#4818,#4819);
#3990=AXIS2_PLACEMENT_3D('',#5876,#4820,#4821);
#3991=AXIS2_PLACEMENT_3D('',#5878,#4823,#4824);
#3992=AXIS2_PLACEMENT_3D('',#5884,#4828,#4829);
#3993=AXIS2_PLACEMENT_3D('',#5886,#4830,#4831);
#3994=AXIS2_PLACEMENT_3D('',#5888,#4832,#4833);
#3995=AXIS2_PLACEMENT_3D('',#5890,#4835,#4836);
#3996=AXIS2_PLACEMENT_3D('',#5896,#4840,#4841);
#3997=AXIS2_PLACEMENT_3D('',#5897,#4842,#4843);
#3998=AXIS2_PLACEMENT_3D('',#5898,#4844,#4845);
#3999=AXIS2_PLACEMENT_3D('',#5899,#4846,#4847);
#4000=AXIS2_PLACEMENT_3D('',#5908,#4852,#4853);
#4001=AXIS2_PLACEMENT_3D('',#5910,#4854,#4855);
#4002=AXIS2_PLACEMENT_3D('',#5912,#4856,#4857);
#4003=AXIS2_PLACEMENT_3D('',#5914,#4859,#4860);
#4004=AXIS2_PLACEMENT_3D('',#5920,#4864,#4865);
#4005=AXIS2_PLACEMENT_3D('',#5922,#4866,#4867);
#4006=AXIS2_PLACEMENT_3D('',#5924,#4868,#4869);
#4007=AXIS2_PLACEMENT_3D('',#5926,#4871,#4872);
#4008=AXIS2_PLACEMENT_3D('',#5932,#4876,#4877);
#4009=AXIS2_PLACEMENT_3D('',#5934,#4878,#4879);
#4010=AXIS2_PLACEMENT_3D('',#5936,#4880,#4881);
#4011=AXIS2_PLACEMENT_3D('',#5938,#4883,#4884);
#4012=AXIS2_PLACEMENT_3D('',#5944,#4888,#4889);
#4013=AXIS2_PLACEMENT_3D('',#5945,#4890,#4891);
#4014=AXIS2_PLACEMENT_3D('',#5946,#4892,#4893);
#4015=AXIS2_PLACEMENT_3D('',#5947,#4894,#4895);
#4016=AXIS2_PLACEMENT_3D('',#5956,#4900,#4901);
#4017=AXIS2_PLACEMENT_3D('',#5962,#4905,#4906);
#4018=AXIS2_PLACEMENT_3D('',#5968,#4910,#4911);
#4019=AXIS2_PLACEMENT_3D('',#5971,#4914,#4915);
#4020=AXIS2_PLACEMENT_3D('',#5980,#4920,#4921);
#4021=AXIS2_PLACEMENT_3D('',#5982,#4922,#4923);
#4022=AXIS2_PLACEMENT_3D('',#5984,#4924,#4925);
#4023=AXIS2_PLACEMENT_3D('',#5986,#4927,#4928);
#4024=AXIS2_PLACEMENT_3D('',#5992,#4932,#4933);
#4025=AXIS2_PLACEMENT_3D('',#5994,#4934,#4935);
#4026=AXIS2_PLACEMENT_3D('',#5996,#4936,#4937);
#4027=AXIS2_PLACEMENT_3D('',#5998,#4939,#4940);
#4028=AXIS2_PLACEMENT_3D('',#6004,#4944,#4945);
#4029=AXIS2_PLACEMENT_3D('',#6006,#4946,#4947);
#4030=AXIS2_PLACEMENT_3D('',#6008,#4948,#4949);
#4031=AXIS2_PLACEMENT_3D('',#6010,#4951,#4952);
#4032=AXIS2_PLACEMENT_3D('',#6016,#4956,#4957);
#4033=AXIS2_PLACEMENT_3D('',#6017,#4958,#4959);
#4034=AXIS2_PLACEMENT_3D('',#6018,#4960,#4961);
#4035=AXIS2_PLACEMENT_3D('',#6019,#4962,#4963);
#4036=AXIS2_PLACEMENT_3D('',#6028,#4968,#4969);
#4037=AXIS2_PLACEMENT_3D('',#6034,#4973,#4974);
#4038=AXIS2_PLACEMENT_3D('',#6040,#4978,#4979);
#4039=AXIS2_PLACEMENT_3D('',#6043,#4982,#4983);
#4040=AXIS2_PLACEMENT_3D('',#6052,#4988,#4989);
#4041=AXIS2_PLACEMENT_3D('',#6058,#4993,#4994);
#4042=AXIS2_PLACEMENT_3D('',#6064,#4998,#4999);
#4043=AXIS2_PLACEMENT_3D('',#6067,#5002,#5003);
#4044=AXIS2_PLACEMENT_3D('',#6070,#5004,#5005);
#4045=AXIS2_PLACEMENT_3D('',#6074,#5007,#5008);
#4046=AXIS2_PLACEMENT_3D('',#6076,#5010,#5011);
#4047=AXIS2_PLACEMENT_3D('',#6082,#5015,#5016);
#4048=AXIS2_PLACEMENT_3D('',#6088,#5020,#5021);
#4049=AXIS2_PLACEMENT_3D('',#6094,#5025,#5026);
#4050=AXIS2_PLACEMENT_3D('',#6100,#5030,#5031);
#4051=AXIS2_PLACEMENT_3D('',#6102,#5032,#5033);
#4052=AXIS2_PLACEMENT_3D('',#6104,#5034,#5035);
#4053=AXIS2_PLACEMENT_3D('',#6106,#5037,#5038);
#4054=AXIS2_PLACEMENT_3D('',#6112,#5042,#5043);
#4055=AXIS2_PLACEMENT_3D('',#6114,#5044,#5045);
#4056=AXIS2_PLACEMENT_3D('',#6116,#5046,#5047);
#4057=AXIS2_PLACEMENT_3D('',#6118,#5049,#5050);
#4058=AXIS2_PLACEMENT_3D('',#6124,#5054,#5055);
#4059=AXIS2_PLACEMENT_3D('',#6126,#5056,#5057);
#4060=AXIS2_PLACEMENT_3D('',#6128,#5058,#5059);
#4061=AXIS2_PLACEMENT_3D('',#6130,#5061,#5062);
#4062=AXIS2_PLACEMENT_3D('',#6133,#5065,#5066);
#4063=AXIS2_PLACEMENT_3D('',#6134,#5067,#5068);
#4064=DIRECTION('axis',(0.,0.,1.));
#4065=DIRECTION('refdir',(1.,0.,0.));
#4066=DIRECTION('center_axis',(0.,1.,0.));
#4067=DIRECTION('ref_axis',(-1.,0.,0.));
#4068=DIRECTION('',(-1.,0.,0.));
#4069=DIRECTION('',(0.,0.,1.));
#4070=DIRECTION('',(-1.,0.,0.));
#4071=DIRECTION('',(0.,0.,1.));
#4072=DIRECTION('center_axis',(1.,0.,0.));
#4073=DIRECTION('ref_axis',(0.,1.,0.));
#4074=DIRECTION('',(0.,1.,0.));
#4075=DIRECTION('',(0.,0.,1.));
#4076=DIRECTION('',(0.,1.,0.));
#4077=DIRECTION('center_axis',(0.,-1.,0.));
#4078=DIRECTION('ref_axis',(1.,0.,0.));
#4079=DIRECTION('',(1.,0.,0.));
#4080=DIRECTION('',(0.,0.,1.));
#4081=DIRECTION('',(1.,0.,0.));
#4082=DIRECTION('center_axis',(-1.,0.,0.));
#4083=DIRECTION('ref_axis',(0.,-1.,0.));
#4084=DIRECTION('',(0.,-1.,0.));
#4085=DIRECTION('',(0.,-1.,0.));
#4086=DIRECTION('center_axis',(0.,0.,1.));
#4087=DIRECTION('ref_axis',(1.,0.,0.));
#4088=DIRECTION('',(1.,0.,0.));
#4089=DIRECTION('',(0.,1.,0.));
#4090=DIRECTION('',(-1.,0.,0.));
#4091=DIRECTION('',(0.,-1.,0.));
#4092=DIRECTION('center_axis',(1.,0.,0.));
#4093=DIRECTION('ref_axis',(0.,1.,0.));
#4094=DIRECTION('',(0.,0.,1.));
#4095=DIRECTION('',(0.,1.,0.));
#4096=DIRECTION('',(0.,0.,1.));
#4097=DIRECTION('center_axis',(0.,-1.,0.));
#4098=DIRECTION('ref_axis',(1.,0.,0.));
#4099=DIRECTION('',(0.,0.,1.));
#4100=DIRECTION('',(1.,0.,0.));
#4101=DIRECTION('center_axis',(-1.,0.,0.));
#4102=DIRECTION('ref_axis',(0.,-1.,0.));
#4103=DIRECTION('',(0.,0.,1.));
#4104=DIRECTION('',(0.,-1.,0.));
#4105=DIRECTION('center_axis',(0.,1.,0.));
#4106=DIRECTION('ref_axis',(-1.,0.,0.));
#4107=DIRECTION('',(-1.,0.,0.));
#4108=DIRECTION('center_axis',(-0.86602540378444,0.499999999999998,0.));
#4109=DIRECTION('ref_axis',(-0.499999999999998,-0.86602540378444,0.));
#4110=DIRECTION('',(-0.499999999999998,-0.86602540378444,0.));
#4111=DIRECTION('',(0.,0.,1.));
#4112=DIRECTION('',(-0.499999999999998,-0.86602540378444,0.));
#4113=DIRECTION('',(0.,0.,1.));
#4114=DIRECTION('center_axis',(-0.866025403784438,-0.500000000000001,0.));
#4115=DIRECTION('ref_axis',(0.500000000000001,-0.866025403784438,0.));
#4116=DIRECTION('',(0.500000000000001,-0.866025403784438,0.));
#4117=DIRECTION('',(0.500000000000001,-0.866025403784438,0.));
#4118=DIRECTION('',(0.,0.,1.));
#4119=DIRECTION('center_axis',(0.86602540378447,-0.499999999999946,0.));
#4120=DIRECTION('ref_axis',(0.499999999999946,0.86602540378447,0.));
#4121=DIRECTION('',(0.499999999999946,0.86602540378447,0.));
#4122=DIRECTION('',(0.499999999999946,0.86602540378447,0.));
#4123=DIRECTION('',(0.,0.,1.));
#4124=DIRECTION('center_axis',(0.866025403784462,0.499999999999959,0.));
#4125=DIRECTION('ref_axis',(-0.499999999999959,0.866025403784462,0.));
#4126=DIRECTION('',(-0.499999999999959,0.866025403784462,0.));
#4127=DIRECTION('',(-0.499999999999959,0.866025403784462,0.));
#4128=DIRECTION('center_axis',(-1.,-3.41607084500048E-16,0.));
#4129=DIRECTION('ref_axis',(3.41607084500048E-16,-1.,0.));
#4130=DIRECTION('',(3.41607084500048E-16,-1.,0.));
#4131=DIRECTION('',(0.,0.,1.));
#4132=DIRECTION('',(3.41607084500048E-16,-1.,0.));
#4133=DIRECTION('',(0.,0.,1.));
#4134=DIRECTION('center_axis',(0.,0.,1.));
#4135=DIRECTION('ref_axis',(1.,0.,0.));
#4136=DIRECTION('center_axis',(0.,0.,-1.));
#4137=DIRECTION('ref_axis',(1.,0.,0.));
#4138=DIRECTION('center_axis',(0.,0.,-1.));
#4139=DIRECTION('ref_axis',(1.,0.,0.));
#4140=DIRECTION('',(0.,0.,1.));
#4141=DIRECTION('center_axis',(-6.83214169000096E-16,-1.,0.));
#4142=DIRECTION('ref_axis',(1.,-6.83214169000096E-16,0.));
#4143=DIRECTION('',(1.,-6.83214169000096E-16,0.));
#4144=DIRECTION('',(1.,-6.83214169000096E-16,0.));
#4145=DIRECTION('',(0.,0.,1.));
#4146=DIRECTION('center_axis',(0.,0.,1.));
#4147=DIRECTION('ref_axis',(8.88178419700128E-15,1.,0.));
#4148=DIRECTION('center_axis',(0.,0.,-1.));
#4149=DIRECTION('ref_axis',(8.88178419700128E-15,1.,0.));
#4150=DIRECTION('center_axis',(0.,0.,-1.));
#4151=DIRECTION('ref_axis',(8.88178419700128E-15,1.,0.));
#4152=DIRECTION('',(0.,0.,1.));
#4153=DIRECTION('center_axis',(1.,0.,0.));
#4154=DIRECTION('ref_axis',(0.,1.,0.));
#4155=DIRECTION('',(0.,1.,0.));
#4156=DIRECTION('',(0.,1.,0.));
#4157=DIRECTION('',(0.,0.,1.));
#4158=DIRECTION('center_axis',(0.,0.,1.));
#4159=DIRECTION('ref_axis',(-1.,0.,0.));
#4160=DIRECTION('center_axis',(0.,0.,-1.));
#4161=DIRECTION('ref_axis',(-1.,0.,0.));
#4162=DIRECTION('center_axis',(0.,0.,-1.));
#4163=DIRECTION('ref_axis',(-1.,0.,0.));
#4164=DIRECTION('',(0.,0.,1.));
#4165=DIRECTION('center_axis',(0.,1.,0.));
#4166=DIRECTION('ref_axis',(-1.,0.,0.));
#4167=DIRECTION('',(-1.,0.,0.));
#4168=DIRECTION('',(-1.,0.,0.));
#4169=DIRECTION('',(0.,0.,1.));
#4170=DIRECTION('center_axis',(0.,0.,1.));
#4171=DIRECTION('ref_axis',(-8.88178419700128E-15,-1.,0.));
#4172=DIRECTION('center_axis',(0.,0.,-1.));
#4173=DIRECTION('ref_axis',(-8.88178419700128E-15,-1.,0.));
#4174=DIRECTION('center_axis',(0.,0.,-1.));
#4175=DIRECTION('ref_axis',(-8.88178419700128E-15,-1.,0.));
#4176=DIRECTION('center_axis',(-0.86602540378444,0.499999999999998,0.));
#4177=DIRECTION('ref_axis',(-0.499999999999998,-0.86602540378444,0.));
#4178=DIRECTION('',(-0.499999999999998,-0.86602540378444,0.));
#4179=DIRECTION('',(0.,0.,1.));
#4180=DIRECTION('',(-0.499999999999998,-0.86602540378444,0.));
#4181=DIRECTION('',(0.,0.,1.));
#4182=DIRECTION('center_axis',(-0.873752528924932,-0.486370762070753,0.));
#4183=DIRECTION('ref_axis',(0.486370762070753,-0.873752528924932,0.));
#4184=DIRECTION('',(0.486370762070753,-0.873752528924932,0.));
#4185=DIRECTION('',(0.486370762070753,-0.873752528924932,0.));
#4186=DIRECTION('',(0.,0.,1.));
#4187=DIRECTION('center_axis',(0.866025403784456,-0.49999999999997,0.));
#4188=DIRECTION('ref_axis',(0.499999999999971,0.866025403784456,0.));
#4189=DIRECTION('',(0.499999999999971,0.866025403784456,0.));
#4190=DIRECTION('',(0.499999999999971,0.866025403784456,0.));
#4191=DIRECTION('',(0.,0.,1.));
#4192=DIRECTION('center_axis',(-0.866025403784439,-0.499999999999999,0.));
#4193=DIRECTION('ref_axis',(0.499999999999999,-0.866025403784439,0.));
#4194=DIRECTION('',(0.499999999999999,-0.866025403784439,0.));
#4195=DIRECTION('',(0.499999999999999,-0.866025403784439,0.));
#4196=DIRECTION('',(0.,0.,1.));
#4197=DIRECTION('center_axis',(0.866025403784455,-0.499999999999971,0.));
#4198=DIRECTION('ref_axis',(0.499999999999971,0.866025403784455,0.));
#4199=DIRECTION('',(0.499999999999971,0.866025403784455,0.));
#4200=DIRECTION('',(0.499999999999971,0.866025403784455,0.));
#4201=DIRECTION('',(0.,0.,1.));
#4202=DIRECTION('center_axis',(0.866025403784452,0.499999999999977,0.));
#4203=DIRECTION('ref_axis',(-0.499999999999977,0.866025403784452,0.));
#4204=DIRECTION('',(-0.499999999999977,0.866025403784452,0.));
#4205=DIRECTION('',(-0.499999999999977,0.866025403784452,0.));
#4206=DIRECTION('center_axis',(0.,0.,1.));
#4207=DIRECTION('ref_axis',(1.,0.,0.));
#4208=DIRECTION('center_axis',(0.,0.,-1.));
#4209=DIRECTION('ref_axis',(1.,0.,0.));
#4210=DIRECTION('',(0.,0.,-1.));
#4211=DIRECTION('center_axis',(0.,0.,-1.));
#4212=DIRECTION('ref_axis',(1.,0.,0.));
#4213=DIRECTION('center_axis',(-0.86602540378444,0.499999999999998,0.));
#4214=DIRECTION('ref_axis',(-0.499999999999998,-0.86602540378444,0.));
#4215=DIRECTION('',(-0.499999999999998,-0.86602540378444,0.));
#4216=DIRECTION('',(0.,0.,1.));
#4217=DIRECTION('',(-0.499999999999998,-0.86602540378444,0.));
#4218=DIRECTION('',(0.,0.,1.));
#4219=DIRECTION('center_axis',(-0.866025403784438,-0.500000000000001,0.));
#4220=DIRECTION('ref_axis',(0.500000000000001,-0.866025403784438,0.));
#4221=DIRECTION('',(0.500000000000001,-0.866025403784438,0.));
#4222=DIRECTION('',(0.500000000000001,-0.866025403784438,0.));
#4223=DIRECTION('',(0.,0.,1.));
#4224=DIRECTION('center_axis',(0.86602540378447,-0.499999999999946,0.));
#4225=DIRECTION('ref_axis',(0.499999999999946,0.86602540378447,0.));
#4226=DIRECTION('',(0.499999999999946,0.86602540378447,0.));
#4227=DIRECTION('',(0.499999999999946,0.86602540378447,0.));
#4228=DIRECTION('',(0.,0.,1.));
#4229=DIRECTION('center_axis',(0.866025403784462,0.499999999999959,0.));
#4230=DIRECTION('ref_axis',(-0.499999999999959,0.866025403784462,0.));
#4231=DIRECTION('',(-0.499999999999959,0.866025403784462,0.));
#4232=DIRECTION('',(-0.499999999999959,0.866025403784462,0.));
#4233=DIRECTION('center_axis',(-0.86602540378444,0.499999999999998,0.));
#4234=DIRECTION('ref_axis',(-0.499999999999998,-0.86602540378444,0.));
#4235=DIRECTION('',(-0.499999999999998,-0.86602540378444,0.));
#4236=DIRECTION('',(0.,0.,1.));
#4237=DIRECTION('',(-0.499999999999998,-0.86602540378444,0.));
#4238=DIRECTION('',(0.,0.,1.));
#4239=DIRECTION('center_axis',(-0.866025403784438,-0.500000000000001,0.));
#4240=DIRECTION('ref_axis',(0.500000000000001,-0.866025403784438,0.));
#4241=DIRECTION('',(0.500000000000001,-0.866025403784438,0.));
#4242=DIRECTION('',(0.500000000000001,-0.866025403784438,0.));
#4243=DIRECTION('',(0.,0.,1.));
#4244=DIRECTION('center_axis',(0.86602540378447,-0.499999999999946,0.));
#4245=DIRECTION('ref_axis',(0.499999999999946,0.86602540378447,0.));
#4246=DIRECTION('',(0.499999999999946,0.86602540378447,0.));
#4247=DIRECTION('',(0.499999999999946,0.86602540378447,0.));
#4248=DIRECTION('',(0.,0.,1.));
#4249=DIRECTION('center_axis',(0.866025403784462,0.499999999999959,0.));
#4250=DIRECTION('ref_axis',(-0.499999999999959,0.866025403784462,0.));
#4251=DIRECTION('',(-0.499999999999959,0.866025403784462,0.));
#4252=DIRECTION('',(-0.499999999999959,0.866025403784462,0.));
#4253=DIRECTION('center_axis',(-0.86602540378444,0.499999999999998,0.));
#4254=DIRECTION('ref_axis',(-0.499999999999998,-0.86602540378444,0.));
#4255=DIRECTION('',(-0.499999999999998,-0.86602540378444,0.));
#4256=DIRECTION('',(0.,0.,1.));
#4257=DIRECTION('',(-0.499999999999998,-0.86602540378444,0.));
#4258=DIRECTION('',(0.,0.,1.));
#4259=DIRECTION('center_axis',(-0.866025403784438,-0.500000000000001,0.));
#4260=DIRECTION('ref_axis',(0.500000000000001,-0.866025403784438,0.));
#4261=DIRECTION('',(0.500000000000001,-0.866025403784438,0.));
#4262=DIRECTION('',(0.500000000000001,-0.866025403784438,0.));
#4263=DIRECTION('',(0.,0.,1.));
#4264=DIRECTION('center_axis',(0.86602540378447,-0.499999999999946,0.));
#4265=DIRECTION('ref_axis',(0.499999999999946,0.86602540378447,0.));
#4266=DIRECTION('',(0.499999999999946,0.86602540378447,0.));
#4267=DIRECTION('',(0.499999999999946,0.86602540378447,0.));
#4268=DIRECTION('',(0.,0.,1.));
#4269=DIRECTION('center_axis',(0.866025403784462,0.499999999999959,0.));
#4270=DIRECTION('ref_axis',(-0.499999999999959,0.866025403784462,0.));
#4271=DIRECTION('',(-0.499999999999959,0.866025403784462,0.));
#4272=DIRECTION('',(-0.499999999999959,0.866025403784462,0.));
#4273=DIRECTION('center_axis',(-1.,0.,0.));
#4274=DIRECTION('ref_axis',(0.,-1.,0.));
#4275=DIRECTION('',(0.,-1.,0.));
#4276=DIRECTION('',(0.,0.,1.));
#4277=DIRECTION('',(0.,-1.,0.));
#4278=DIRECTION('',(0.,0.,1.));
#4279=DIRECTION('center_axis',(0.,0.,1.));
#4280=DIRECTION('ref_axis',(1.,-4.44089209850064E-15,0.));
#4281=DIRECTION('center_axis',(0.,0.,-1.));
#4282=DIRECTION('ref_axis',(1.,-4.44089209850064E-15,0.));
#4283=DIRECTION('center_axis',(0.,0.,-1.));
#4284=DIRECTION('ref_axis',(1.,-4.44089209850064E-15,0.));
#4285=DIRECTION('',(0.,0.,1.));
#4286=DIRECTION('center_axis',(0.,-1.,0.));
#4287=DIRECTION('ref_axis',(1.,0.,0.));
#4288=DIRECTION('',(1.,0.,0.));
#4289=DIRECTION('',(1.,0.,0.));
#4290=DIRECTION('',(0.,0.,1.));
#4291=DIRECTION('center_axis',(0.,0.,1.));
#4292=DIRECTION('ref_axis',(0.,1.,0.));
#4293=DIRECTION('center_axis',(0.,0.,-1.));
#4294=DIRECTION('ref_axis',(0.,1.,0.));
#4295=DIRECTION('center_axis',(0.,0.,-1.));
#4296=DIRECTION('ref_axis',(0.,1.,0.));
#4297=DIRECTION('',(0.,0.,1.));
#4298=DIRECTION('center_axis',(1.,0.,0.));
#4299=DIRECTION('ref_axis',(0.,1.,0.));
#4300=DIRECTION('',(0.,1.,0.));
#4301=DIRECTION('',(0.,1.,0.));
#4302=DIRECTION('',(0.,0.,1.));
#4303=DIRECTION('center_axis',(0.,0.,1.));
#4304=DIRECTION('ref_axis',(-1.,3.33066907387548E-15,0.));
#4305=DIRECTION('center_axis',(0.,0.,-1.));
#4306=DIRECTION('ref_axis',(-1.,3.33066907387548E-15,0.));
#4307=DIRECTION('center_axis',(0.,0.,-1.));
#4308=DIRECTION('ref_axis',(-1.,3.33066907387548E-15,0.));
#4309=DIRECTION('',(0.,0.,1.));
#4310=DIRECTION('center_axis',(0.,1.,0.));
#4311=DIRECTION('ref_axis',(-1.,0.,0.));
#4312=DIRECTION('',(-1.,0.,0.));
#4313=DIRECTION('',(-1.,0.,0.));
#4314=DIRECTION('',(0.,0.,1.));
#4315=DIRECTION('center_axis',(0.,0.,1.));
#4316=DIRECTION('ref_axis',(0.,-1.,0.));
#4317=DIRECTION('center_axis',(0.,0.,-1.));
#4318=DIRECTION('ref_axis',(0.,-1.,0.));
#4319=DIRECTION('center_axis',(0.,0.,-1.));
#4320=DIRECTION('ref_axis',(0.,-1.,0.));
#4321=DIRECTION('center_axis',(-0.86602540378444,0.499999999999998,0.));
#4322=DIRECTION('ref_axis',(-0.499999999999998,-0.86602540378444,0.));
#4323=DIRECTION('',(-0.499999999999998,-0.86602540378444,0.));
#4324=DIRECTION('',(0.,0.,1.));
#4325=DIRECTION('',(-0.499999999999998,-0.86602540378444,0.));
#4326=DIRECTION('',(0.,0.,1.));
#4327=DIRECTION('center_axis',(-0.866025403784438,-0.500000000000001,0.));
#4328=DIRECTION('ref_axis',(0.500000000000001,-0.866025403784438,0.));
#4329=DIRECTION('',(0.500000000000001,-0.866025403784438,0.));
#4330=DIRECTION('',(0.500000000000001,-0.866025403784438,0.));
#4331=DIRECTION('',(0.,0.,1.));
#4332=DIRECTION('center_axis',(0.86602540378447,-0.499999999999946,0.));
#4333=DIRECTION('ref_axis',(0.499999999999946,0.86602540378447,0.));
#4334=DIRECTION('',(0.499999999999946,0.86602540378447,0.));
#4335=DIRECTION('',(0.499999999999946,0.86602540378447,0.));
#4336=DIRECTION('',(0.,0.,1.));
#4337=DIRECTION('center_axis',(0.866025403784462,0.499999999999959,0.));
#4338=DIRECTION('ref_axis',(-0.499999999999959,0.866025403784462,0.));
#4339=DIRECTION('',(-0.499999999999959,0.866025403784462,0.));
#4340=DIRECTION('',(-0.499999999999959,0.866025403784462,0.));
#4341=DIRECTION('center_axis',(-1.,0.,0.));
#4342=DIRECTION('ref_axis',(0.,-1.,0.));
#4343=DIRECTION('',(0.,-1.,0.));
#4344=DIRECTION('',(0.,0.,1.));
#4345=DIRECTION('',(0.,-1.,0.));
#4346=DIRECTION('',(0.,0.,1.));
#4347=DIRECTION('center_axis',(0.,0.,1.));
#4348=DIRECTION('ref_axis',(1.,0.,0.));
#4349=DIRECTION('center_axis',(0.,0.,-1.));
#4350=DIRECTION('ref_axis',(1.,0.,0.));
#4351=DIRECTION('center_axis',(0.,0.,-1.));
#4352=DIRECTION('ref_axis',(1.,0.,0.));
#4353=DIRECTION('',(0.,0.,1.));
#4354=DIRECTION('center_axis',(0.,-1.,0.));
#4355=DIRECTION('ref_axis',(1.,0.,0.));
#4356=DIRECTION('',(1.,0.,0.));
#4357=DIRECTION('',(1.,0.,0.));
#4358=DIRECTION('',(0.,0.,1.));
#4359=DIRECTION('center_axis',(0.,0.,1.));
#4360=DIRECTION('ref_axis',(0.,1.,0.));
#4361=DIRECTION('center_axis',(0.,0.,-1.));
#4362=DIRECTION('ref_axis',(0.,1.,0.));
#4363=DIRECTION('center_axis',(0.,0.,-1.));
#4364=DIRECTION('ref_axis',(0.,1.,0.));
#4365=DIRECTION('',(0.,0.,1.));
#4366=DIRECTION('center_axis',(1.,0.,0.));
#4367=DIRECTION('ref_axis',(0.,1.,0.));
#4368=DIRECTION('',(0.,1.,0.));
#4369=DIRECTION('',(0.,1.,0.));
#4370=DIRECTION('',(0.,0.,1.));
#4371=DIRECTION('center_axis',(0.,0.,1.));
#4372=DIRECTION('ref_axis',(-1.,0.,0.));
#4373=DIRECTION('center_axis',(0.,0.,-1.));
#4374=DIRECTION('ref_axis',(-1.,0.,0.));
#4375=DIRECTION('center_axis',(0.,0.,-1.));
#4376=DIRECTION('ref_axis',(-1.,0.,0.));
#4377=DIRECTION('',(0.,0.,1.));
#4378=DIRECTION('center_axis',(0.,1.,0.));
#4379=DIRECTION('ref_axis',(-1.,0.,0.));
#4380=DIRECTION('',(-1.,0.,0.));
#4381=DIRECTION('',(-1.,0.,0.));
#4382=DIRECTION('',(0.,0.,1.));
#4383=DIRECTION('center_axis',(0.,0.,1.));
#4384=DIRECTION('ref_axis',(0.,-1.,0.));
#4385=DIRECTION('center_axis',(0.,0.,-1.));
#4386=DIRECTION('ref_axis',(0.,-1.,0.));
#4387=DIRECTION('center_axis',(0.,0.,-1.));
#4388=DIRECTION('ref_axis',(0.,-1.,0.));
#4389=DIRECTION('center_axis',(-1.,0.,0.));
#4390=DIRECTION('ref_axis',(0.,-1.,0.));
#4391=DIRECTION('',(0.,-1.,0.));
#4392=DIRECTION('',(0.,0.,1.));
#4393=DIRECTION('',(0.,-1.,0.));
#4394=DIRECTION('',(0.,0.,1.));
#4395=DIRECTION('center_axis',(0.,0.,1.));
#4396=DIRECTION('ref_axis',(1.,0.,0.));
#4397=DIRECTION('center_axis',(0.,0.,-1.));
#4398=DIRECTION('ref_axis',(1.,0.,0.));
#4399=DIRECTION('center_axis',(0.,0.,-1.));
#4400=DIRECTION('ref_axis',(1.,0.,0.));
#4401=DIRECTION('',(0.,0.,1.));
#4402=DIRECTION('center_axis',(0.,-1.,0.));
#4403=DIRECTION('ref_axis',(1.,0.,0.));
#4404=DIRECTION('',(1.,0.,0.));
#4405=DIRECTION('',(1.,0.,0.));
#4406=DIRECTION('',(0.,0.,1.));
#4407=DIRECTION('center_axis',(0.,0.,1.));
#4408=DIRECTION('ref_axis',(0.,1.,0.));
#4409=DIRECTION('center_axis',(0.,0.,-1.));
#4410=DIRECTION('ref_axis',(0.,1.,0.));
#4411=DIRECTION('center_axis',(0.,0.,-1.));
#4412=DIRECTION('ref_axis',(0.,1.,0.));
#4413=DIRECTION('',(0.,0.,1.));
#4414=DIRECTION('center_axis',(1.,0.,0.));
#4415=DIRECTION('ref_axis',(0.,1.,0.));
#4416=DIRECTION('',(0.,1.,0.));
#4417=DIRECTION('',(0.,1.,0.));
#4418=DIRECTION('',(0.,0.,1.));
#4419=DIRECTION('center_axis',(0.,0.,1.));
#4420=DIRECTION('ref_axis',(-1.,0.,0.));
#4421=DIRECTION('center_axis',(0.,0.,-1.));
#4422=DIRECTION('ref_axis',(-1.,0.,0.));
#4423=DIRECTION('center_axis',(0.,0.,-1.));
#4424=DIRECTION('ref_axis',(-1.,0.,0.));
#4425=DIRECTION('',(0.,0.,1.));
#4426=DIRECTION('center_axis',(0.,1.,0.));
#4427=DIRECTION('ref_axis',(-1.,0.,0.));
#4428=DIRECTION('',(-1.,0.,0.));
#4429=DIRECTION('',(-1.,0.,0.));
#4430=DIRECTION('',(0.,0.,1.));
#4431=DIRECTION('center_axis',(0.,0.,1.));
#4432=DIRECTION('ref_axis',(0.,-1.,0.));
#4433=DIRECTION('center_axis',(0.,0.,-1.));
#4434=DIRECTION('ref_axis',(0.,-1.,0.));
#4435=DIRECTION('center_axis',(0.,0.,-1.));
#4436=DIRECTION('ref_axis',(0.,-1.,0.));
#4437=DIRECTION('center_axis',(-1.,0.,0.));
#4438=DIRECTION('ref_axis',(0.,-1.,0.));
#4439=DIRECTION('',(0.,-1.,0.));
#4440=DIRECTION('',(0.,0.,1.));
#4441=DIRECTION('',(0.,-1.,0.));
#4442=DIRECTION('',(0.,0.,1.));
#4443=DIRECTION('center_axis',(0.,0.,1.));
#4444=DIRECTION('ref_axis',(1.,0.,0.));
#4445=DIRECTION('center_axis',(0.,0.,-1.));
#4446=DIRECTION('ref_axis',(1.,0.,0.));
#4447=DIRECTION('center_axis',(0.,0.,-1.));
#4448=DIRECTION('ref_axis',(1.,0.,0.));
#4449=DIRECTION('',(0.,0.,1.));
#4450=DIRECTION('center_axis',(0.,-1.,0.));
#4451=DIRECTION('ref_axis',(1.,0.,0.));
#4452=DIRECTION('',(1.,0.,0.));
#4453=DIRECTION('',(1.,0.,0.));
#4454=DIRECTION('',(0.,0.,1.));
#4455=DIRECTION('center_axis',(0.,0.,1.));
#4456=DIRECTION('ref_axis',(0.,1.,0.));
#4457=DIRECTION('center_axis',(0.,0.,-1.));
#4458=DIRECTION('ref_axis',(0.,1.,0.));
#4459=DIRECTION('center_axis',(0.,0.,-1.));
#4460=DIRECTION('ref_axis',(0.,1.,0.));
#4461=DIRECTION('',(0.,0.,1.));
#4462=DIRECTION('center_axis',(1.,0.,0.));
#4463=DIRECTION('ref_axis',(0.,1.,0.));
#4464=DIRECTION('',(0.,1.,0.));
#4465=DIRECTION('',(0.,1.,0.));
#4466=DIRECTION('',(0.,0.,1.));
#4467=DIRECTION('center_axis',(0.,0.,1.));
#4468=DIRECTION('ref_axis',(-1.,0.,0.));
#4469=DIRECTION('center_axis',(0.,0.,-1.));
#4470=DIRECTION('ref_axis',(-1.,0.,0.));
#4471=DIRECTION('center_axis',(0.,0.,-1.));
#4472=DIRECTION('ref_axis',(-1.,0.,0.));
#4473=DIRECTION('',(0.,0.,1.));
#4474=DIRECTION('center_axis',(0.,1.,0.));
#4475=DIRECTION('ref_axis',(-1.,0.,0.));
#4476=DIRECTION('',(-1.,0.,0.));
#4477=DIRECTION('',(-1.,0.,0.));
#4478=DIRECTION('',(0.,0.,1.));
#4479=DIRECTION('center_axis',(0.,0.,1.));
#4480=DIRECTION('ref_axis',(0.,-1.,0.));
#4481=DIRECTION('center_axis',(0.,0.,-1.));
#4482=DIRECTION('ref_axis',(0.,-1.,0.));
#4483=DIRECTION('center_axis',(0.,0.,-1.));
#4484=DIRECTION('ref_axis',(0.,-1.,0.));
#4485=DIRECTION('center_axis',(0.,0.,1.));
#4486=DIRECTION('ref_axis',(1.,0.,0.));
#4487=DIRECTION('center_axis',(0.,0.,-1.));
#4488=DIRECTION('ref_axis',(1.,0.,0.));
#4489=DIRECTION('',(0.,0.,-1.));
#4490=DIRECTION('center_axis',(0.,0.,-1.));
#4491=DIRECTION('ref_axis',(1.,0.,0.));
#4492=DIRECTION('center_axis',(-1.,0.,0.));
#4493=DIRECTION('ref_axis',(0.,-1.,0.));
#4494=DIRECTION('',(0.,-1.,0.));
#4495=DIRECTION('',(0.,0.,1.));
#4496=DIRECTION('',(0.,-1.,0.));
#4497=DIRECTION('',(0.,0.,1.));
#4498=DIRECTION('center_axis',(0.,0.,1.));
#4499=DIRECTION('ref_axis',(1.,0.,0.));
#4500=DIRECTION('center_axis',(0.,0.,-1.));
#4501=DIRECTION('ref_axis',(1.,0.,0.));
#4502=DIRECTION('center_axis',(0.,0.,-1.));
#4503=DIRECTION('ref_axis',(1.,0.,0.));
#4504=DIRECTION('',(0.,0.,1.));
#4505=DIRECTION('center_axis',(0.,-1.,0.));
#4506=DIRECTION('ref_axis',(1.,0.,0.));
#4507=DIRECTION('',(1.,0.,0.));
#4508=DIRECTION('',(1.,0.,0.));
#4509=DIRECTION('',(0.,0.,1.));
#4510=DIRECTION('center_axis',(0.,0.,1.));
#4511=DIRECTION('ref_axis',(0.,1.,0.));
#4512=DIRECTION('center_axis',(0.,0.,-1.));
#4513=DIRECTION('ref_axis',(0.,1.,0.));
#4514=DIRECTION('center_axis',(0.,0.,-1.));
#4515=DIRECTION('ref_axis',(0.,1.,0.));
#4516=DIRECTION('',(0.,0.,1.));
#4517=DIRECTION('center_axis',(1.,0.,0.));
#4518=DIRECTION('ref_axis',(0.,1.,0.));
#4519=DIRECTION('',(0.,1.,0.));
#4520=DIRECTION('',(0.,1.,0.));
#4521=DIRECTION('',(0.,0.,1.));
#4522=DIRECTION('center_axis',(0.,0.,1.));
#4523=DIRECTION('ref_axis',(-1.,0.,0.));
#4524=DIRECTION('center_axis',(0.,0.,-1.));
#4525=DIRECTION('ref_axis',(-1.,0.,0.));
#4526=DIRECTION('center_axis',(0.,0.,-1.));
#4527=DIRECTION('ref_axis',(-1.,0.,0.));
#4528=DIRECTION('',(0.,0.,1.));
#4529=DIRECTION('center_axis',(0.,1.,0.));
#4530=DIRECTION('ref_axis',(-1.,0.,0.));
#4531=DIRECTION('',(-1.,0.,0.));
#4532=DIRECTION('',(-1.,0.,0.));
#4533=DIRECTION('',(0.,0.,1.));
#4534=DIRECTION('center_axis',(0.,0.,1.));
#4535=DIRECTION('ref_axis',(0.,-1.,0.));
#4536=DIRECTION('center_axis',(0.,0.,-1.));
#4537=DIRECTION('ref_axis',(0.,-1.,0.));
#4538=DIRECTION('center_axis',(0.,0.,-1.));
#4539=DIRECTION('ref_axis',(0.,-1.,0.));
#4540=DIRECTION('center_axis',(-1.,-1.70803542250024E-16,0.));
#4541=DIRECTION('ref_axis',(1.70803542250024E-16,-1.,0.));
#4542=DIRECTION('',(1.70803542250024E-16,-1.,0.));
#4543=DIRECTION('',(0.,0.,1.));
#4544=DIRECTION('',(1.70803542250024E-16,-1.,0.));
#4545=DIRECTION('',(0.,0.,1.));
#4546=DIRECTION('center_axis',(0.,0.,1.));
#4547=DIRECTION('ref_axis',(1.,0.,0.));
#4548=DIRECTION('center_axis',(0.,0.,-1.));
#4549=DIRECTION('ref_axis',(1.,0.,0.));
#4550=DIRECTION('center_axis',(0.,0.,-1.));
#4551=DIRECTION('ref_axis',(1.,0.,0.));
#4552=DIRECTION('',(0.,0.,1.));
#4553=DIRECTION('center_axis',(0.,-1.,0.));
#4554=DIRECTION('ref_axis',(1.,0.,0.));
#4555=DIRECTION('',(1.,0.,0.));
#4556=DIRECTION('',(1.,0.,0.));
#4557=DIRECTION('',(0.,0.,1.));
#4558=DIRECTION('center_axis',(0.,0.,1.));
#4559=DIRECTION('ref_axis',(9.99200722162645E-15,1.,0.));
#4560=DIRECTION('center_axis',(0.,0.,-1.));
#4561=DIRECTION('ref_axis',(9.99200722162645E-15,1.,0.));
#4562=DIRECTION('center_axis',(0.,0.,-1.));
#4563=DIRECTION('ref_axis',(9.99200722162645E-15,1.,0.));
#4564=DIRECTION('',(0.,0.,1.));
#4565=DIRECTION('center_axis',(1.,0.,0.));
#4566=DIRECTION('ref_axis',(0.,1.,0.));
#4567=DIRECTION('',(0.,1.,0.));
#4568=DIRECTION('',(0.,1.,0.));
#4569=DIRECTION('',(0.,0.,1.));
#4570=DIRECTION('center_axis',(0.,0.,1.));
#4571=DIRECTION('ref_axis',(-1.,0.,0.));
#4572=DIRECTION('center_axis',(0.,0.,-1.));
#4573=DIRECTION('ref_axis',(-1.,0.,0.));
#4574=DIRECTION('center_axis',(0.,0.,-1.));
#4575=DIRECTION('ref_axis',(-1.,0.,0.));
#4576=DIRECTION('',(0.,0.,1.));
#4577=DIRECTION('center_axis',(0.,1.,0.));
#4578=DIRECTION('ref_axis',(-1.,0.,0.));
#4579=DIRECTION('',(-1.,0.,0.));
#4580=DIRECTION('',(-1.,0.,0.));
#4581=DIRECTION('',(0.,0.,1.));
#4582=DIRECTION('center_axis',(0.,0.,1.));
#4583=DIRECTION('ref_axis',(-8.88178419700128E-15,-1.,0.));
#4584=DIRECTION('center_axis',(0.,0.,-1.));
#4585=DIRECTION('ref_axis',(-8.88178419700128E-15,-1.,0.));
#4586=DIRECTION('center_axis',(0.,0.,-1.));
#4587=DIRECTION('ref_axis',(-8.88178419700128E-15,-1.,0.));
#4588=DIRECTION('center_axis',(1.,4.2700885562506E-17,0.));
#4589=DIRECTION('ref_axis',(-4.2700885562506E-17,1.,0.));
#4590=DIRECTION('',(-4.2700885562506E-17,1.,0.));
#4591=DIRECTION('',(0.,0.,1.));
#4592=DIRECTION('',(-4.2700885562506E-17,1.,0.));
#4593=DIRECTION('',(0.,0.,1.));
#4594=DIRECTION('center_axis',(0.,0.,1.));
#4595=DIRECTION('ref_axis',(-1.,1.11022302462516E-15,0.));
#4596=DIRECTION('center_axis',(0.,0.,-1.));
#4597=DIRECTION('ref_axis',(-1.,1.11022302462516E-15,0.));
#4598=DIRECTION('center_axis',(0.,0.,-1.));
#4599=DIRECTION('ref_axis',(-1.,1.11022302462516E-15,0.));
#4600=DIRECTION('',(0.,0.,1.));
#4601=DIRECTION('center_axis',(0.,1.,0.));
#4602=DIRECTION('ref_axis',(-1.,0.,0.));
#4603=DIRECTION('',(-1.,0.,0.));
#4604=DIRECTION('',(-1.,0.,0.));
#4605=DIRECTION('',(0.,0.,1.));
#4606=DIRECTION('center_axis',(0.,0.,1.));
#4607=DIRECTION('ref_axis',(4.44089209850061E-15,-1.,0.));
#4608=DIRECTION('center_axis',(0.,0.,-1.));
#4609=DIRECTION('ref_axis',(4.44089209850061E-15,-1.,0.));
#4610=DIRECTION('center_axis',(0.,0.,-1.));
#4611=DIRECTION('ref_axis',(4.44089209850061E-15,-1.,0.));
#4612=DIRECTION('',(0.,0.,1.));
#4613=DIRECTION('center_axis',(-1.,1.70803542250024E-16,0.));
#4614=DIRECTION('ref_axis',(-1.70803542250024E-16,-1.,0.));
#4615=DIRECTION('',(-1.70803542250024E-16,-1.,0.));
#4616=DIRECTION('',(-1.70803542250024E-16,-1.,0.));
#4617=DIRECTION('',(0.,0.,1.));
#4618=DIRECTION('center_axis',(0.,0.,1.));
#4619=DIRECTION('ref_axis',(1.,4.4408920985006E-15,0.));
#4620=DIRECTION('center_axis',(0.,0.,-1.));
#4621=DIRECTION('ref_axis',(1.,4.4408920985006E-15,0.));
#4622=DIRECTION('center_axis',(0.,0.,-1.));
#4623=DIRECTION('ref_axis',(1.,4.4408920985006E-15,0.));
#4624=DIRECTION('',(0.,0.,1.));
#4625=DIRECTION('center_axis',(0.,-1.,0.));
#4626=DIRECTION('ref_axis',(1.,0.,0.));
#4627=DIRECTION('',(1.,0.,0.));
#4628=DIRECTION('',(1.,0.,0.));
#4629=DIRECTION('',(0.,0.,1.));
#4630=DIRECTION('center_axis',(0.,0.,1.));
#4631=DIRECTION('ref_axis',(-4.4408920985006E-15,1.,0.));
#4632=DIRECTION('center_axis',(0.,0.,-1.));
#4633=DIRECTION('ref_axis',(-4.4408920985006E-15,1.,0.));
#4634=DIRECTION('center_axis',(0.,0.,-1.));
#4635=DIRECTION('ref_axis',(-4.4408920985006E-15,1.,0.));
#4636=DIRECTION('center_axis',(-0.86602540378444,0.499999999999998,0.));
#4637=DIRECTION('ref_axis',(-0.499999999999998,-0.86602540378444,0.));
#4638=DIRECTION('',(-0.499999999999998,-0.86602540378444,0.));
#4639=DIRECTION('',(0.,0.,1.));
#4640=DIRECTION('',(-0.499999999999998,-0.86602540378444,0.));
#4641=DIRECTION('',(0.,0.,1.));
#4642=DIRECTION('center_axis',(-0.866025403784438,-0.500000000000001,0.));
#4643=DIRECTION('ref_axis',(0.500000000000001,-0.866025403784438,0.));
#4644=DIRECTION('',(0.500000000000001,-0.866025403784438,0.));
#4645=DIRECTION('',(0.500000000000001,-0.866025403784438,0.));
#4646=DIRECTION('',(0.,0.,1.));
#4647=DIRECTION('center_axis',(0.86602540378447,-0.499999999999946,0.));
#4648=DIRECTION('ref_axis',(0.499999999999946,0.86602540378447,0.));
#4649=DIRECTION('',(0.499999999999946,0.86602540378447,0.));
#4650=DIRECTION('',(0.499999999999946,0.86602540378447,0.));
#4651=DIRECTION('',(0.,0.,1.));
#4652=DIRECTION('center_axis',(0.866025403784462,0.499999999999959,0.));
#4653=DIRECTION('ref_axis',(-0.499999999999959,0.866025403784462,0.));
#4654=DIRECTION('',(-0.499999999999959,0.866025403784462,0.));
#4655=DIRECTION('',(-0.499999999999959,0.866025403784462,0.));
#4656=DIRECTION('center_axis',(-0.86602540378444,0.499999999999998,0.));
#4657=DIRECTION('ref_axis',(-0.499999999999998,-0.86602540378444,0.));
#4658=DIRECTION('',(-0.499999999999998,-0.86602540378444,0.));
#4659=DIRECTION('',(0.,0.,1.));
#4660=DIRECTION('',(-0.499999999999998,-0.86602540378444,0.));
#4661=DIRECTION('',(0.,0.,1.));
#4662=DIRECTION('center_axis',(-0.866025403784438,-0.500000000000001,0.));
#4663=DIRECTION('ref_axis',(0.500000000000001,-0.866025403784438,0.));
#4664=DIRECTION('',(0.500000000000001,-0.866025403784438,0.));
#4665=DIRECTION('',(0.500000000000001,-0.866025403784438,0.));
#4666=DIRECTION('',(0.,0.,1.));
#4667=DIRECTION('center_axis',(0.86602540378447,-0.499999999999946,0.));
#4668=DIRECTION('ref_axis',(0.499999999999946,0.86602540378447,0.));
#4669=DIRECTION('',(0.499999999999946,0.86602540378447,0.));
#4670=DIRECTION('',(0.499999999999946,0.86602540378447,0.));
#4671=DIRECTION('',(0.,0.,1.));
#4672=DIRECTION('center_axis',(0.866025403784462,0.499999999999959,0.));
#4673=DIRECTION('ref_axis',(-0.499999999999959,0.866025403784462,0.));
#4674=DIRECTION('',(-0.499999999999959,0.866025403784462,0.));
#4675=DIRECTION('',(-0.499999999999959,0.866025403784462,0.));
#4676=DIRECTION('center_axis',(-0.86602540378444,0.499999999999998,0.));
#4677=DIRECTION('ref_axis',(-0.499999999999998,-0.86602540378444,0.));
#4678=DIRECTION('',(-0.499999999999998,-0.86602540378444,0.));
#4679=DIRECTION('',(0.,0.,1.));
#4680=DIRECTION('',(-0.499999999999998,-0.86602540378444,0.));
#4681=DIRECTION('',(0.,0.,1.));
#4682=DIRECTION('center_axis',(-0.866025403784438,-0.500000000000001,0.));
#4683=DIRECTION('ref_axis',(0.500000000000001,-0.866025403784438,0.));
#4684=DIRECTION('',(0.500000000000001,-0.866025403784438,0.));
#4685=DIRECTION('',(0.500000000000001,-0.866025403784438,0.));
#4686=DIRECTION('',(0.,0.,1.));
#4687=DIRECTION('center_axis',(0.86602540378447,-0.499999999999946,0.));
#4688=DIRECTION('ref_axis',(0.499999999999946,0.86602540378447,0.));
#4689=DIRECTION('',(0.499999999999946,0.86602540378447,0.));
#4690=DIRECTION('',(0.499999999999946,0.86602540378447,0.));
#4691=DIRECTION('',(0.,0.,1.));
#4692=DIRECTION('center_axis',(0.866025403784462,0.499999999999959,0.));
#4693=DIRECTION('ref_axis',(-0.499999999999959,0.866025403784462,0.));
#4694=DIRECTION('',(-0.499999999999959,0.866025403784462,0.));
#4695=DIRECTION('',(-0.499999999999959,0.866025403784462,0.));
#4696=DIRECTION('center_axis',(-0.86602540378444,0.499999999999998,0.));
#4697=DIRECTION('ref_axis',(-0.499999999999998,-0.86602540378444,0.));
#4698=DIRECTION('',(-0.499999999999998,-0.86602540378444,0.));
#4699=DIRECTION('',(0.,0.,1.));
#4700=DIRECTION('',(-0.499999999999998,-0.86602540378444,0.));
#4701=DIRECTION('',(0.,0.,1.));
#4702=DIRECTION('center_axis',(-0.866025403784438,-0.500000000000001,0.));
#4703=DIRECTION('ref_axis',(0.500000000000001,-0.866025403784438,0.));
#4704=DIRECTION('',(0.500000000000001,-0.866025403784438,0.));
#4705=DIRECTION('',(0.500000000000001,-0.866025403784438,0.));
#4706=DIRECTION('',(0.,0.,1.));
#4707=DIRECTION('center_axis',(0.86602540378447,-0.499999999999946,0.));
#4708=DIRECTION('ref_axis',(0.499999999999946,0.86602540378447,0.));
#4709=DIRECTION('',(0.499999999999946,0.86602540378447,0.));
#4710=DIRECTION('',(0.499999999999946,0.86602540378447,0.));
#4711=DIRECTION('',(0.,0.,1.));
#4712=DIRECTION('center_axis',(0.866025403784462,0.499999999999959,0.));
#4713=DIRECTION('ref_axis',(-0.499999999999959,0.866025403784462,0.));
#4714=DIRECTION('',(-0.499999999999959,0.866025403784462,0.));
#4715=DIRECTION('',(-0.499999999999959,0.866025403784462,0.));
#4716=DIRECTION('center_axis',(-1.70803542250024E-16,-1.,0.));
#4717=DIRECTION('ref_axis',(1.,-1.70803542250024E-16,0.));
#4718=DIRECTION('',(1.,-1.70803542250024E-16,0.));
#4719=DIRECTION('',(0.,0.,1.));
#4720=DIRECTION('',(1.,-1.70803542250024E-16,0.));
#4721=DIRECTION('',(0.,0.,1.));
#4722=DIRECTION('center_axis',(0.,0.,1.));
#4723=DIRECTION('ref_axis',(8.88178419700132E-15,1.,0.));
#4724=DIRECTION('center_axis',(0.,0.,-1.));
#4725=DIRECTION('ref_axis',(8.88178419700132E-15,1.,0.));
#4726=DIRECTION('center_axis',(0.,0.,-1.));
#4727=DIRECTION('ref_axis',(8.88178419700132E-15,1.,0.));
#4728=DIRECTION('',(0.,0.,1.));
#4729=DIRECTION('center_axis',(1.,6.83214169000096E-16,0.));
#4730=DIRECTION('ref_axis',(-6.83214169000096E-16,1.,0.));
#4731=DIRECTION('',(-6.83214169000096E-16,1.,0.));
#4732=DIRECTION('',(-6.83214169000096E-16,1.,0.));
#4733=DIRECTION('',(0.,0.,1.));
#4734=DIRECTION('center_axis',(0.,0.,1.));
#4735=DIRECTION('ref_axis',(-1.,7.77156117237619E-15,0.));
#4736=DIRECTION('center_axis',(0.,0.,-1.));
#4737=DIRECTION('ref_axis',(-1.,7.77156117237619E-15,0.));
#4738=DIRECTION('center_axis',(0.,0.,-1.));
#4739=DIRECTION('ref_axis',(-1.,7.77156117237619E-15,0.));
#4740=DIRECTION('',(0.,0.,1.));
#4741=DIRECTION('center_axis',(0.,1.,0.));
#4742=DIRECTION('ref_axis',(-1.,0.,0.));
#4743=DIRECTION('',(-1.,0.,0.));
#4744=DIRECTION('',(-1.,0.,0.));
#4745=DIRECTION('',(0.,0.,1.));
#4746=DIRECTION('center_axis',(0.,0.,1.));
#4747=DIRECTION('ref_axis',(0.,-1.,0.));
#4748=DIRECTION('center_axis',(0.,0.,-1.));
#4749=DIRECTION('ref_axis',(0.,-1.,0.));
#4750=DIRECTION('center_axis',(0.,0.,-1.));
#4751=DIRECTION('ref_axis',(0.,-1.,0.));
#4752=DIRECTION('',(0.,0.,1.));
#4753=DIRECTION('center_axis',(-1.,0.,0.));
#4754=DIRECTION('ref_axis',(0.,-1.,0.));
#4755=DIRECTION('',(0.,-1.,0.));
#4756=DIRECTION('',(0.,-1.,0.));
#4757=DIRECTION('',(0.,0.,1.));
#4758=DIRECTION('center_axis',(0.,0.,1.));
#4759=DIRECTION('ref_axis',(1.,-8.88178419700136E-15,0.));
#4760=DIRECTION('center_axis',(0.,0.,-1.));
#4761=DIRECTION('ref_axis',(1.,-8.88178419700136E-15,0.));
#4762=DIRECTION('center_axis',(0.,0.,-1.));
#4763=DIRECTION('ref_axis',(1.,-8.88178419700136E-15,0.));
#4764=DIRECTION('center_axis',(0.,0.,1.));
#4765=DIRECTION('ref_axis',(1.,0.,0.));
#4766=DIRECTION('center_axis',(0.,0.,-1.));
#4767=DIRECTION('ref_axis',(1.,0.,0.));
#4768=DIRECTION('',(0.,0.,-1.));
#4769=DIRECTION('center_axis',(0.,0.,-1.));
#4770=DIRECTION('ref_axis',(1.,0.,0.));
#4771=DIRECTION('center_axis',(-0.86602540378444,0.499999999999998,0.));
#4772=DIRECTION('ref_axis',(-0.499999999999998,-0.86602540378444,0.));
#4773=DIRECTION('',(-0.499999999999998,-0.86602540378444,0.));
#4774=DIRECTION('',(0.,0.,1.));
#4775=DIRECTION('',(-0.499999999999998,-0.86602540378444,0.));
#4776=DIRECTION('',(0.,0.,1.));
#4777=DIRECTION('center_axis',(-0.866025403784438,-0.500000000000001,0.));
#4778=DIRECTION('ref_axis',(0.500000000000001,-0.866025403784438,0.));
#4779=DIRECTION('',(0.500000000000001,-0.866025403784438,0.));
#4780=DIRECTION('',(0.500000000000001,-0.866025403784438,0.));
#4781=DIRECTION('',(0.,0.,1.));
#4782=DIRECTION('center_axis',(0.86602540378447,-0.499999999999946,0.));
#4783=DIRECTION('ref_axis',(0.499999999999946,0.86602540378447,0.));
#4784=DIRECTION('',(0.499999999999946,0.86602540378447,0.));
#4785=DIRECTION('',(0.499999999999946,0.86602540378447,0.));
#4786=DIRECTION('',(0.,0.,1.));
#4787=DIRECTION('center_axis',(0.866025403784462,0.499999999999959,0.));
#4788=DIRECTION('ref_axis',(-0.499999999999959,0.866025403784462,0.));
#4789=DIRECTION('',(-0.499999999999959,0.866025403784462,0.));
#4790=DIRECTION('',(-0.499999999999959,0.866025403784462,0.));
#4791=DIRECTION('center_axis',(0.,0.,1.));
#4792=DIRECTION('ref_axis',(1.,0.,0.));
#4793=DIRECTION('center_axis',(0.,0.,-1.));
#4794=DIRECTION('ref_axis',(1.,0.,0.));
#4795=DIRECTION('',(0.,0.,-1.));
#4796=DIRECTION('center_axis',(0.,0.,-1.));
#4797=DIRECTION('ref_axis',(1.,0.,0.));
#4798=DIRECTION('center_axis',(1.,0.,0.));
#4799=DIRECTION('ref_axis',(0.,1.,0.));
#4800=DIRECTION('',(0.,1.,0.));
#4801=DIRECTION('',(0.,0.,1.));
#4802=DIRECTION('',(0.,1.,0.));
#4803=DIRECTION('',(0.,0.,1.));
#4804=DIRECTION('center_axis',(0.,0.,1.));
#4805=DIRECTION('ref_axis',(-1.,0.,0.));
#4806=DIRECTION('center_axis',(0.,0.,-1.));
#4807=DIRECTION('ref_axis',(-1.,0.,0.));
#4808=DIRECTION('center_axis',(0.,0.,-1.));
#4809=DIRECTION('ref_axis',(-1.,0.,0.));
#4810=DIRECTION('',(0.,0.,1.));
#4811=DIRECTION('center_axis',(0.,1.,0.));
#4812=DIRECTION('ref_axis',(-1.,0.,0.));
#4813=DIRECTION('',(-1.,0.,0.));
#4814=DIRECTION('',(-1.,0.,0.));
#4815=DIRECTION('',(0.,0.,1.));
#4816=DIRECTION('center_axis',(0.,0.,1.));
#4817=DIRECTION('ref_axis',(0.,-1.,0.));
#4818=DIRECTION('center_axis',(0.,0.,-1.));
#4819=DIRECTION('ref_axis',(0.,-1.,0.));
#4820=DIRECTION('center_axis',(0.,0.,-1.));
#4821=DIRECTION('ref_axis',(0.,-1.,0.));
#4822=DIRECTION('',(0.,0.,1.));
#4823=DIRECTION('center_axis',(-1.,1.70803542250024E-16,0.));
#4824=DIRECTION('ref_axis',(-1.70803542250024E-16,-1.,0.));
#4825=DIRECTION('',(-1.70803542250024E-16,-1.,0.));
#4826=DIRECTION('',(-1.70803542250024E-16,-1.,0.));
#4827=DIRECTION('',(0.,0.,1.));
#4828=DIRECTION('center_axis',(0.,0.,1.));
#4829=DIRECTION('ref_axis',(1.,0.,0.));
#4830=DIRECTION('center_axis',(0.,0.,-1.));
#4831=DIRECTION('ref_axis',(1.,0.,0.));
#4832=DIRECTION('center_axis',(0.,0.,-1.));
#4833=DIRECTION('ref_axis',(1.,0.,0.));
#4834=DIRECTION('',(0.,0.,1.));
#4835=DIRECTION('center_axis',(0.,-1.,0.));
#4836=DIRECTION('ref_axis',(1.,0.,0.));
#4837=DIRECTION('',(1.,0.,0.));
#4838=DIRECTION('',(1.,0.,0.));
#4839=DIRECTION('',(0.,0.,1.));
#4840=DIRECTION('center_axis',(0.,0.,1.));
#4841=DIRECTION('ref_axis',(1.11022302462516E-15,1.,0.));
#4842=DIRECTION('center_axis',(0.,0.,-1.));
#4843=DIRECTION('ref_axis',(1.11022302462516E-15,1.,0.));
#4844=DIRECTION('center_axis',(0.,0.,-1.));
#4845=DIRECTION('ref_axis',(1.11022302462516E-15,1.,0.));
#4846=DIRECTION('center_axis',(-1.,0.,0.));
#4847=DIRECTION('ref_axis',(0.,-1.,0.));
#4848=DIRECTION('',(0.,-1.,0.));
#4849=DIRECTION('',(0.,0.,1.));
#4850=DIRECTION('',(0.,-1.,0.));
#4851=DIRECTION('',(0.,0.,1.));
#4852=DIRECTION('center_axis',(0.,0.,1.));
#4853=DIRECTION('ref_axis',(1.,0.,0.));
#4854=DIRECTION('center_axis',(0.,0.,-1.));
#4855=DIRECTION('ref_axis',(1.,0.,0.));
#4856=DIRECTION('center_axis',(0.,0.,-1.));
#4857=DIRECTION('ref_axis',(1.,0.,0.));
#4858=DIRECTION('',(0.,0.,1.));
#4859=DIRECTION('center_axis',(0.,-1.,0.));
#4860=DIRECTION('ref_axis',(1.,0.,0.));
#4861=DIRECTION('',(1.,0.,0.));
#4862=DIRECTION('',(1.,0.,0.));
#4863=DIRECTION('',(0.,0.,1.));
#4864=DIRECTION('center_axis',(0.,0.,1.));
#4865=DIRECTION('ref_axis',(0.,1.,0.));
#4866=DIRECTION('center_axis',(0.,0.,-1.));
#4867=DIRECTION('ref_axis',(0.,1.,0.));
#4868=DIRECTION('center_axis',(0.,0.,-1.));
#4869=DIRECTION('ref_axis',(0.,1.,0.));
#4870=DIRECTION('',(0.,0.,1.));
#4871=DIRECTION('center_axis',(1.,0.,0.));
#4872=DIRECTION('ref_axis',(0.,1.,0.));
#4873=DIRECTION('',(0.,1.,0.));
#4874=DIRECTION('',(0.,1.,0.));
#4875=DIRECTION('',(0.,0.,1.));
#4876=DIRECTION('center_axis',(0.,0.,1.));
#4877=DIRECTION('ref_axis',(-1.,0.,0.));
#4878=DIRECTION('center_axis',(0.,0.,-1.));
#4879=DIRECTION('ref_axis',(-1.,0.,0.));
#4880=DIRECTION('center_axis',(0.,0.,-1.));
#4881=DIRECTION('ref_axis',(-1.,0.,0.));
#4882=DIRECTION('',(0.,0.,1.));
#4883=DIRECTION('center_axis',(0.,1.,0.));
#4884=DIRECTION('ref_axis',(-1.,0.,0.));
#4885=DIRECTION('',(-1.,0.,0.));
#4886=DIRECTION('',(-1.,0.,0.));
#4887=DIRECTION('',(0.,0.,1.));
#4888=DIRECTION('center_axis',(0.,0.,1.));
#4889=DIRECTION('ref_axis',(0.,-1.,0.));
#4890=DIRECTION('center_axis',(0.,0.,-1.));
#4891=DIRECTION('ref_axis',(0.,-1.,0.));
#4892=DIRECTION('center_axis',(0.,0.,-1.));
#4893=DIRECTION('ref_axis',(0.,-1.,0.));
#4894=DIRECTION('center_axis',(-0.86602540378444,0.499999999999998,0.));
#4895=DIRECTION('ref_axis',(-0.499999999999998,-0.86602540378444,0.));
#4896=DIRECTION('',(-0.499999999999998,-0.86602540378444,0.));
#4897=DIRECTION('',(0.,0.,1.));
#4898=DIRECTION('',(-0.499999999999998,-0.86602540378444,0.));
#4899=DIRECTION('',(0.,0.,1.));
#4900=DIRECTION('center_axis',(-0.866025403784438,-0.500000000000001,0.));
#4901=DIRECTION('ref_axis',(0.500000000000001,-0.866025403784438,0.));
#4902=DIRECTION('',(0.500000000000001,-0.866025403784438,0.));
#4903=DIRECTION('',(0.500000000000001,-0.866025403784438,0.));
#4904=DIRECTION('',(0.,0.,1.));
#4905=DIRECTION('center_axis',(0.86602540378447,-0.499999999999946,0.));
#4906=DIRECTION('ref_axis',(0.499999999999946,0.86602540378447,0.));
#4907=DIRECTION('',(0.499999999999946,0.86602540378447,0.));
#4908=DIRECTION('',(0.499999999999946,0.86602540378447,0.));
#4909=DIRECTION('',(0.,0.,1.));
#4910=DIRECTION('center_axis',(0.866025403784462,0.499999999999959,0.));
#4911=DIRECTION('ref_axis',(-0.499999999999959,0.866025403784462,0.));
#4912=DIRECTION('',(-0.499999999999959,0.866025403784462,0.));
#4913=DIRECTION('',(-0.499999999999959,0.866025403784462,0.));
#4914=DIRECTION('center_axis',(0.,-1.,0.));
#4915=DIRECTION('ref_axis',(1.,0.,0.));
#4916=DIRECTION('',(1.,0.,0.));
#4917=DIRECTION('',(0.,0.,1.));
#4918=DIRECTION('',(1.,0.,0.));
#4919=DIRECTION('',(0.,0.,1.));
#4920=DIRECTION('center_axis',(0.,0.,1.));
#4921=DIRECTION('ref_axis',(5.5511151231258E-15,1.,0.));
#4922=DIRECTION('center_axis',(0.,0.,-1.));
#4923=DIRECTION('ref_axis',(5.5511151231258E-15,1.,0.));
#4924=DIRECTION('center_axis',(0.,0.,-1.));
#4925=DIRECTION('ref_axis',(5.5511151231258E-15,1.,0.));
#4926=DIRECTION('',(0.,0.,1.));
#4927=DIRECTION('center_axis',(1.,0.,0.));
#4928=DIRECTION('ref_axis',(0.,1.,0.));
#4929=DIRECTION('',(0.,1.,0.));
#4930=DIRECTION('',(0.,1.,0.));
#4931=DIRECTION('',(0.,0.,1.));
#4932=DIRECTION('center_axis',(0.,0.,1.));
#4933=DIRECTION('ref_axis',(-1.,0.,0.));
#4934=DIRECTION('center_axis',(0.,0.,-1.));
#4935=DIRECTION('ref_axis',(-1.,0.,0.));
#4936=DIRECTION('center_axis',(0.,0.,-1.));
#4937=DIRECTION('ref_axis',(-1.,0.,0.));
#4938=DIRECTION('',(0.,0.,1.));
#4939=DIRECTION('center_axis',(0.,1.,0.));
#4940=DIRECTION('ref_axis',(-1.,0.,0.));
#4941=DIRECTION('',(-1.,0.,0.));
#4942=DIRECTION('',(-1.,0.,0.));
#4943=DIRECTION('',(0.,0.,1.));
#4944=DIRECTION('center_axis',(0.,0.,1.));
#4945=DIRECTION('ref_axis',(-4.44089209850064E-15,-1.,0.));
#4946=DIRECTION('center_axis',(0.,0.,-1.));
#4947=DIRECTION('ref_axis',(-4.44089209850064E-15,-1.,0.));
#4948=DIRECTION('center_axis',(0.,0.,-1.));
#4949=DIRECTION('ref_axis',(-4.44089209850064E-15,-1.,0.));
#4950=DIRECTION('',(0.,0.,1.));
#4951=DIRECTION('center_axis',(-1.,0.,0.));
#4952=DIRECTION('ref_axis',(0.,-1.,0.));
#4953=DIRECTION('',(0.,-1.,0.));
#4954=DIRECTION('',(0.,-1.,0.));
#4955=DIRECTION('',(0.,0.,1.));
#4956=DIRECTION('center_axis',(0.,0.,1.));
#4957=DIRECTION('ref_axis',(1.,-8.88178419700128E-15,0.));
#4958=DIRECTION('center_axis',(0.,0.,-1.));
#4959=DIRECTION('ref_axis',(1.,-8.88178419700128E-15,0.));
#4960=DIRECTION('center_axis',(0.,0.,-1.));
#4961=DIRECTION('ref_axis',(1.,-8.88178419700128E-15,0.));
#4962=DIRECTION('center_axis',(-0.86602540378444,0.499999999999998,0.));
#4963=DIRECTION('ref_axis',(-0.499999999999998,-0.86602540378444,0.));
#4964=DIRECTION('',(-0.499999999999998,-0.86602540378444,0.));
#4965=DIRECTION('',(0.,0.,1.));
#4966=DIRECTION('',(-0.499999999999998,-0.86602540378444,0.));
#4967=DIRECTION('',(0.,0.,1.));
#4968=DIRECTION('center_axis',(-0.866025403784438,-0.500000000000001,0.));
#4969=DIRECTION('ref_axis',(0.500000000000001,-0.866025403784438,0.));
#4970=DIRECTION('',(0.500000000000001,-0.866025403784438,0.));
#4971=DIRECTION('',(0.500000000000001,-0.866025403784438,0.));
#4972=DIRECTION('',(0.,0.,1.));
#4973=DIRECTION('center_axis',(0.86602540378447,-0.499999999999946,0.));
#4974=DIRECTION('ref_axis',(0.499999999999946,0.86602540378447,0.));
#4975=DIRECTION('',(0.499999999999946,0.86602540378447,0.));
#4976=DIRECTION('',(0.499999999999946,0.86602540378447,0.));
#4977=DIRECTION('',(0.,0.,1.));
#4978=DIRECTION('center_axis',(0.866025403784462,0.499999999999959,0.));
#4979=DIRECTION('ref_axis',(-0.499999999999959,0.866025403784462,0.));
#4980=DIRECTION('',(-0.499999999999959,0.866025403784462,0.));
#4981=DIRECTION('',(-0.499999999999959,0.866025403784462,0.));
#4982=DIRECTION('center_axis',(-0.86602540378444,0.499999999999998,0.));
#4983=DIRECTION('ref_axis',(-0.499999999999998,-0.86602540378444,0.));
#4984=DIRECTION('',(-0.499999999999998,-0.86602540378444,0.));
#4985=DIRECTION('',(0.,0.,1.));
#4986=DIRECTION('',(-0.499999999999998,-0.86602540378444,0.));
#4987=DIRECTION('',(0.,0.,1.));
#4988=DIRECTION('center_axis',(-0.866025403784438,-0.500000000000001,0.));
#4989=DIRECTION('ref_axis',(0.500000000000001,-0.866025403784438,0.));
#4990=DIRECTION('',(0.500000000000001,-0.866025403784438,0.));
#4991=DIRECTION('',(0.500000000000001,-0.866025403784438,0.));
#4992=DIRECTION('',(0.,0.,1.));
#4993=DIRECTION('center_axis',(0.86602540378447,-0.499999999999946,0.));
#4994=DIRECTION('ref_axis',(0.499999999999946,0.86602540378447,0.));
#4995=DIRECTION('',(0.499999999999946,0.86602540378447,0.));
#4996=DIRECTION('',(0.499999999999946,0.86602540378447,0.));
#4997=DIRECTION('',(0.,0.,1.));
#4998=DIRECTION('center_axis',(0.866025403784462,0.499999999999959,0.));
#4999=DIRECTION('ref_axis',(-0.499999999999959,0.866025403784462,0.));
#5000=DIRECTION('',(-0.499999999999959,0.866025403784462,0.));
#5001=DIRECTION('',(-0.499999999999959,0.866025403784462,0.));
#5002=DIRECTION('center_axis',(0.,0.,1.));
#5003=DIRECTION('ref_axis',(4.4408920985006E-15,-1.,0.));
#5004=DIRECTION('center_axis',(0.,0.,1.));
#5005=DIRECTION('ref_axis',(4.4408920985006E-15,-1.,0.));
#5006=DIRECTION('',(0.,0.,1.));
#5007=DIRECTION('center_axis',(0.,0.,1.));
#5008=DIRECTION('ref_axis',(4.4408920985006E-15,-1.,0.));
#5009=DIRECTION('',(0.,0.,1.));
#5010=DIRECTION('center_axis',(0.,-1.,0.));
#5011=DIRECTION('ref_axis',(1.,0.,0.));
#5012=DIRECTION('',(-1.,0.,0.));
#5013=DIRECTION('',(1.,0.,0.));
#5014=DIRECTION('',(0.,0.,1.));
#5015=DIRECTION('center_axis',(1.98022071744475E-8,-1.,0.));
#5016=DIRECTION('ref_axis',(1.,1.98022071744475E-8,0.));
#5017=DIRECTION('',(-1.,-1.98022071744475E-8,0.));
#5018=DIRECTION('',(1.,1.98022071744475E-8,0.));
#5019=DIRECTION('',(0.,0.,1.));
#5020=DIRECTION('center_axis',(-2.98023222396656E-8,-1.,0.));
#5021=DIRECTION('ref_axis',(1.,-2.98023222396656E-8,0.));
#5022=DIRECTION('',(0.999999999999999,-2.98023222396656E-8,0.));
#5023=DIRECTION('',(0.999999999999999,-2.98023222396656E-8,0.));
#5024=DIRECTION('',(0.,0.,1.));
#5025=DIRECTION('center_axis',(0.,-1.,0.));
#5026=DIRECTION('ref_axis',(1.,0.,0.));
#5027=DIRECTION('',(1.,0.,0.));
#5028=DIRECTION('',(1.,0.,0.));
#5029=DIRECTION('',(0.,0.,1.));
#5030=DIRECTION('center_axis',(0.,0.,1.));
#5031=DIRECTION('ref_axis',(-1.,0.,0.));
#5032=DIRECTION('center_axis',(0.,0.,1.));
#5033=DIRECTION('ref_axis',(-1.,0.,0.));
#5034=DIRECTION('center_axis',(0.,0.,1.));
#5035=DIRECTION('ref_axis',(-1.,0.,0.));
#5036=DIRECTION('',(0.,0.,1.));
#5037=DIRECTION('center_axis',(-1.,0.,0.));
#5038=DIRECTION('ref_axis',(0.,-1.,0.));
#5039=DIRECTION('',(0.,1.,0.));
#5040=DIRECTION('',(0.,-1.,0.));
#5041=DIRECTION('',(0.,0.,1.));
#5042=DIRECTION('center_axis',(0.,0.,1.));
#5043=DIRECTION('ref_axis',(5.5511151231258E-15,1.,0.));
#5044=DIRECTION('center_axis',(0.,0.,1.));
#5045=DIRECTION('ref_axis',(5.5511151231258E-15,1.,0.));
#5046=DIRECTION('center_axis',(0.,0.,1.));
#5047=DIRECTION('ref_axis',(5.5511151231258E-15,1.,0.));
#5048=DIRECTION('',(0.,0.,1.));
#5049=DIRECTION('center_axis',(0.,1.,0.));
#5050=DIRECTION('ref_axis',(-1.,0.,0.));
#5051=DIRECTION('',(-1.,0.,0.));
#5052=DIRECTION('',(-1.,0.,0.));
#5053=DIRECTION('',(0.,0.,1.));
#5054=DIRECTION('center_axis',(0.,0.,1.));
#5055=DIRECTION('ref_axis',(1.,0.,0.));
#5056=DIRECTION('center_axis',(0.,0.,1.));
#5057=DIRECTION('ref_axis',(1.,0.,0.));
#5058=DIRECTION('center_axis',(0.,0.,1.));
#5059=DIRECTION('ref_axis',(1.,0.,0.));
#5060=DIRECTION('',(0.,0.,1.));
#5061=DIRECTION('center_axis',(1.,0.,0.));
#5062=DIRECTION('ref_axis',(0.,1.,0.));
#5063=DIRECTION('',(0.,-1.,0.));
#5064=DIRECTION('',(0.,1.,0.));
#5065=DIRECTION('center_axis',(0.,0.,1.));
#5066=DIRECTION('ref_axis',(1.,0.,0.));
#5067=DIRECTION('center_axis',(0.,0.,1.));
#5068=DIRECTION('ref_axis',(1.,0.,0.));
#5069=CARTESIAN_POINT('',(0.,0.,0.));
#5070=CARTESIAN_POINT('Origin',(40.0000005960464,95.3566362581617,0.));
#5071=CARTESIAN_POINT('',(40.0000005960464,95.3566362581617,0.));
#5072=CARTESIAN_POINT('',(-0.835142226854275,95.3566362581617,0.));
#5073=CARTESIAN_POINT('',(34.2875000837399,95.3566362581617,0.));
#5074=CARTESIAN_POINT('',(40.0000005960464,95.3566362581617,2.));
#5075=CARTESIAN_POINT('',(40.0000005960464,95.3566362581617,0.));
#5076=CARTESIAN_POINT('',(-0.835142226854275,95.3566362581617,2.));
#5077=CARTESIAN_POINT('',(-0.835142226854275,95.3566362581617,2.));
#5078=CARTESIAN_POINT('',(-0.835142226854275,95.3566362581617,0.));
#5079=CARTESIAN_POINT('Origin',(40.0000005960464,77.9797985667385,0.));
#5080=CARTESIAN_POINT('',(40.0000005960464,77.9797985667385,0.));
#5081=CARTESIAN_POINT('',(40.0000005960464,63.1898992461164,0.));
#5082=CARTESIAN_POINT('',(40.0000005960464,77.9797985667385,2.));
#5083=CARTESIAN_POINT('',(40.0000005960464,77.9797985667385,0.));
#5084=CARTESIAN_POINT('',(40.0000005960464,95.3566362581617,2.));
#5085=CARTESIAN_POINT('Origin',(-0.835142226854275,77.9797985667385,0.));
#5086=CARTESIAN_POINT('',(-0.835142226854275,77.9797985667385,0.));
#5087=CARTESIAN_POINT('',(13.8699286722895,77.9797985667385,0.));
#5088=CARTESIAN_POINT('',(-0.835142226854275,77.9797985667385,2.));
#5089=CARTESIAN_POINT('',(-0.835142226854275,77.9797985667385,0.));
#5090=CARTESIAN_POINT('',(40.0000005960464,77.9797985667385,2.));
#5091=CARTESIAN_POINT('Origin',(-0.835142226854275,95.3566362581617,0.));
#5092=CARTESIAN_POINT('',(-0.835142226854275,71.878318091828,0.));
#5093=CARTESIAN_POINT('',(-0.835142226854275,77.9797985667385,2.));
#5094=CARTESIAN_POINT('Origin',(19.5824291845961,86.6682174124501,2.));
#5095=CARTESIAN_POINT('',(5.772,92.764,2.));
#5096=CARTESIAN_POINT('',(31.723,92.764,2.));
#5097=CARTESIAN_POINT('',(12.677214592298,92.764,2.));
#5098=CARTESIAN_POINT('',(5.772,81.464,2.));
#5099=CARTESIAN_POINT('',(5.772,84.066108706225,2.));
#5100=CARTESIAN_POINT('',(31.723,81.464,2.));
#5101=CARTESIAN_POINT('',(25.652714592298,81.464,2.));
#5102=CARTESIAN_POINT('',(31.723,89.7161087062251,2.));
#5103=CARTESIAN_POINT('Origin',(5.772,81.464,0.));
#5104=CARTESIAN_POINT('',(5.772,92.764,3.));
#5105=CARTESIAN_POINT('',(5.772,92.764,0.));
#5106=CARTESIAN_POINT('',(5.772,81.464,3.));
#5107=CARTESIAN_POINT('',(5.772,81.464,3.));
#5108=CARTESIAN_POINT('',(5.772,81.464,0.));
#5109=CARTESIAN_POINT('Origin',(5.772,92.764,0.));
#5110=CARTESIAN_POINT('',(31.723,92.764,3.));
#5111=CARTESIAN_POINT('',(31.723,92.764,0.));
#5112=CARTESIAN_POINT('',(5.772,92.764,3.));
#5113=CARTESIAN_POINT('Origin',(31.723,92.764,0.));
#5114=CARTESIAN_POINT('',(31.723,81.464,3.));
#5115=CARTESIAN_POINT('',(31.723,81.464,0.));
#5116=CARTESIAN_POINT('',(31.723,92.764,3.));
#5117=CARTESIAN_POINT('Origin',(31.723,81.464,0.));
#5118=CARTESIAN_POINT('',(31.723,81.464,3.));
#5119=CARTESIAN_POINT('Origin',(46.0000006556511,83.40192511485,0.));
#5120=CARTESIAN_POINT('',(46.0000006556511,83.40192511485,0.));
#5121=CARTESIAN_POINT('',(44.5000006556511,80.8038489034967,0.));
#5122=CARTESIAN_POINT('',(46.0000006556511,83.40192511485,0.));
#5123=CARTESIAN_POINT('',(44.5000006556511,80.8038489034967,3.));
#5124=CARTESIAN_POINT('',(44.5000006556511,80.8038489034967,0.));
#5125=CARTESIAN_POINT('',(46.0000006556511,83.40192511485,3.));
#5126=CARTESIAN_POINT('',(46.0000006556511,83.40192511485,3.));
#5127=CARTESIAN_POINT('',(46.0000006556511,83.40192511485,0.));
#5128=CARTESIAN_POINT('Origin',(44.5000006556511,86.0000013262032,0.));
#5129=CARTESIAN_POINT('',(44.5000006556511,86.0000013262032,0.));
#5130=CARTESIAN_POINT('',(44.5000006556511,86.0000013262032,0.));
#5131=CARTESIAN_POINT('',(44.5000006556511,86.0000013262032,3.));
#5132=CARTESIAN_POINT('',(44.5000006556511,86.0000013262032,3.));
#5133=CARTESIAN_POINT('',(44.5000006556511,86.0000013262032,0.));
#5134=CARTESIAN_POINT('Origin',(43.0000006556513,83.4019251148498,0.));
#5135=CARTESIAN_POINT('',(43.0000006556513,83.4019251148498,0.));
#5136=CARTESIAN_POINT('',(44.5000006556511,86.0000013262032,0.));
#5137=CARTESIAN_POINT('',(43.0000006556513,83.4019251148498,3.));
#5138=CARTESIAN_POINT('',(44.5000006556511,86.0000013262032,3.));
#5139=CARTESIAN_POINT('',(43.0000006556513,83.4019251148498,0.));
#5140=CARTESIAN_POINT('Origin',(44.5000006556511,80.8038489034967,0.));
#5141=CARTESIAN_POINT('',(43.0000006556513,83.4019251148498,0.));
#5142=CARTESIAN_POINT('',(43.0000006556513,83.4019251148498,3.));
#5143=CARTESIAN_POINT('Origin',(35.575,54.125,0.));
#5144=CARTESIAN_POINT('',(35.575,54.125,0.));
#5145=CARTESIAN_POINT('',(35.575,41.125,0.));
#5146=CARTESIAN_POINT('',(35.575,41.125,0.));
#5147=CARTESIAN_POINT('',(35.575,41.125,3.));
#5148=CARTESIAN_POINT('',(35.575,41.125,0.));
#5149=CARTESIAN_POINT('',(35.575,54.125,3.));
#5150=CARTESIAN_POINT('',(35.575,41.125,3.));
#5151=CARTESIAN_POINT('',(35.575,54.125,0.));
#5152=CARTESIAN_POINT('Origin',(35.075,54.125,0.));
#5153=CARTESIAN_POINT('',(35.075,54.625,0.));
#5154=CARTESIAN_POINT('Origin',(35.075,54.125,0.));
#5155=CARTESIAN_POINT('',(35.075,54.625,3.));
#5156=CARTESIAN_POINT('Origin',(35.075,54.125,3.));
#5157=CARTESIAN_POINT('',(35.075,54.625,0.));
#5158=CARTESIAN_POINT('Origin',(22.075,54.625,0.));
#5159=CARTESIAN_POINT('',(22.075,54.625,0.));
#5160=CARTESIAN_POINT('',(35.075,54.625,0.));
#5161=CARTESIAN_POINT('',(22.075,54.625,3.));
#5162=CARTESIAN_POINT('',(35.075,54.625,3.));
#5163=CARTESIAN_POINT('',(22.075,54.625,0.));
#5164=CARTESIAN_POINT('Origin',(22.075,54.125,0.));
#5165=CARTESIAN_POINT('',(21.575,54.125,0.));
#5166=CARTESIAN_POINT('Origin',(22.075,54.125,0.));
#5167=CARTESIAN_POINT('',(21.575,54.125,3.));
#5168=CARTESIAN_POINT('Origin',(22.075,54.125,3.));
#5169=CARTESIAN_POINT('',(21.575,54.125,0.));
#5170=CARTESIAN_POINT('Origin',(21.575,41.125,0.));
#5171=CARTESIAN_POINT('',(21.575,41.125,0.));
#5172=CARTESIAN_POINT('',(21.575,54.125,0.));
#5173=CARTESIAN_POINT('',(21.575,41.125,3.));
#5174=CARTESIAN_POINT('',(21.575,54.125,3.));
#5175=CARTESIAN_POINT('',(21.575,41.125,0.));
#5176=CARTESIAN_POINT('Origin',(22.075,41.125,0.));
#5177=CARTESIAN_POINT('',(22.075,40.625,0.));
#5178=CARTESIAN_POINT('Origin',(22.075,41.125,0.));
#5179=CARTESIAN_POINT('',(22.075,40.625,3.));
#5180=CARTESIAN_POINT('Origin',(22.075,41.125,3.));
#5181=CARTESIAN_POINT('',(22.075,40.625,0.));
#5182=CARTESIAN_POINT('Origin',(35.075,40.625,0.));
#5183=CARTESIAN_POINT('',(35.075,40.625,0.));
#5184=CARTESIAN_POINT('',(22.075,40.625,0.));
#5185=CARTESIAN_POINT('',(35.075,40.625,3.));
#5186=CARTESIAN_POINT('',(22.075,40.625,3.));
#5187=CARTESIAN_POINT('',(35.075,40.625,0.));
#5188=CARTESIAN_POINT('Origin',(35.075,41.125,0.));
#5189=CARTESIAN_POINT('Origin',(35.075,41.125,0.));
#5190=CARTESIAN_POINT('Origin',(35.075,41.125,3.));
#5191=CARTESIAN_POINT('Origin',(56.0000006556511,86.40192511485,0.));
#5192=CARTESIAN_POINT('',(56.0000006556511,86.40192511485,0.));
#5193=CARTESIAN_POINT('',(54.5000006556511,83.8038489034967,0.));
#5194=CARTESIAN_POINT('',(56.0000006556511,86.40192511485,0.));
#5195=CARTESIAN_POINT('',(54.5000006556511,83.8038489034967,3.));
#5196=CARTESIAN_POINT('',(54.5000006556511,83.8038489034967,0.));
#5197=CARTESIAN_POINT('',(56.0000006556511,86.40192511485,3.));
#5198=CARTESIAN_POINT('',(56.0000006556511,86.40192511485,3.));
#5199=CARTESIAN_POINT('',(56.0000006556511,86.40192511485,0.));
#5200=CARTESIAN_POINT('Origin',(54.5408883694388,89.0231827016248,0.));
#5201=CARTESIAN_POINT('',(54.5408883694388,89.0231827016248,0.));
#5202=CARTESIAN_POINT('',(54.5408883694388,89.0231827016248,0.));
#5203=CARTESIAN_POINT('',(54.5408883694388,89.0231827016248,3.));
#5204=CARTESIAN_POINT('',(54.5408883694388,89.0231827016248,3.));
#5205=CARTESIAN_POINT('',(54.5408883694388,89.0231827016248,0.));
#5206=CARTESIAN_POINT('Origin',(54.513752625875,88.9761822150712,0.));
#5207=CARTESIAN_POINT('',(54.513752625875,88.9761822150712,0.));
#5208=CARTESIAN_POINT('',(54.5408883694388,89.0231827016248,0.));
#5209=CARTESIAN_POINT('',(54.513752625875,88.9761822150712,3.));
#5210=CARTESIAN_POINT('',(54.5408883694388,89.0231827016248,3.));
#5211=CARTESIAN_POINT('',(54.513752625875,88.9761822150712,0.));
#5212=CARTESIAN_POINT('Origin',(54.5000006556511,89.0000013262033,0.));
#5213=CARTESIAN_POINT('',(54.5000006556511,89.0000013262033,0.));
#5214=CARTESIAN_POINT('',(54.5000006556511,89.0000013262033,0.));
#5215=CARTESIAN_POINT('',(54.5000006556511,89.0000013262033,3.));
#5216=CARTESIAN_POINT('',(54.5000006556511,89.0000013262033,3.));
#5217=CARTESIAN_POINT('',(54.5000006556511,89.0000013262033,0.));
#5218=CARTESIAN_POINT('Origin',(53.0000006556512,86.4019251148499,0.));
#5219=CARTESIAN_POINT('',(53.0000006556512,86.4019251148499,0.));
#5220=CARTESIAN_POINT('',(54.5000006556511,89.0000013262033,0.));
#5221=CARTESIAN_POINT('',(53.0000006556512,86.4019251148499,3.));
#5222=CARTESIAN_POINT('',(54.5000006556511,89.0000013262033,3.));
#5223=CARTESIAN_POINT('',(53.0000006556512,86.4019251148499,0.));
#5224=CARTESIAN_POINT('Origin',(54.5000006556511,83.8038489034967,0.));
#5225=CARTESIAN_POINT('',(53.0000006556512,86.4019251148499,0.));
#5226=CARTESIAN_POINT('',(53.0000006556512,86.4019251148499,3.));
#5227=CARTESIAN_POINT('Origin',(-5.50000014901161,-5.5,0.));
#5228=CARTESIAN_POINT('',(-7.20000014901161,-5.50000000000001,3.));
#5229=CARTESIAN_POINT('Origin',(-5.50000014901161,-5.5,3.));
#5230=CARTESIAN_POINT('',(-7.20000014901161,-5.5,0.));
#5231=CARTESIAN_POINT('',(-7.20000014901161,-5.5,0.));
#5232=CARTESIAN_POINT('Origin',(-5.50000014901161,-5.5,0.));
#5233=CARTESIAN_POINT('Origin',(52.0000006556511,92.40192511485,0.));
#5234=CARTESIAN_POINT('',(52.0000006556511,92.40192511485,0.));
#5235=CARTESIAN_POINT('',(50.5000006556511,89.8038489034967,0.));
#5236=CARTESIAN_POINT('',(52.0000006556511,92.40192511485,0.));
#5237=CARTESIAN_POINT('',(50.5000006556511,89.8038489034967,3.));
#5238=CARTESIAN_POINT('',(50.5000006556511,89.8038489034967,0.));
#5239=CARTESIAN_POINT('',(52.0000006556511,92.40192511485,3.));
#5240=CARTESIAN_POINT('',(52.0000006556511,92.40192511485,3.));
#5241=CARTESIAN_POINT('',(52.0000006556511,92.40192511485,0.));
#5242=CARTESIAN_POINT('Origin',(50.5000006556511,95.0000013262032,0.));
#5243=CARTESIAN_POINT('',(50.5000006556511,95.0000013262032,0.));
#5244=CARTESIAN_POINT('',(50.5000006556511,95.0000013262032,0.));
#5245=CARTESIAN_POINT('',(50.5000006556511,95.0000013262032,3.));
#5246=CARTESIAN_POINT('',(50.5000006556511,95.0000013262032,3.));
#5247=CARTESIAN_POINT('',(50.5000006556511,95.0000013262032,0.));
#5248=CARTESIAN_POINT('Origin',(49.0000006556513,92.4019251148498,0.));
#5249=CARTESIAN_POINT('',(49.0000006556513,92.4019251148498,0.));
#5250=CARTESIAN_POINT('',(50.5000006556511,95.0000013262032,0.));
#5251=CARTESIAN_POINT('',(49.0000006556513,92.4019251148498,3.));
#5252=CARTESIAN_POINT('',(50.5000006556511,95.0000013262032,3.));
#5253=CARTESIAN_POINT('',(49.0000006556513,92.4019251148498,0.));
#5254=CARTESIAN_POINT('Origin',(50.5000006556511,89.8038489034967,0.));
#5255=CARTESIAN_POINT('',(49.0000006556513,92.4019251148498,0.));
#5256=CARTESIAN_POINT('',(49.0000006556513,92.4019251148498,3.));
#5257=CARTESIAN_POINT('Origin',(44.0000006556511,86.40192511485,0.));
#5258=CARTESIAN_POINT('',(44.0000006556511,86.40192511485,0.));
#5259=CARTESIAN_POINT('',(42.5000006556511,83.8038489034967,0.));
#5260=CARTESIAN_POINT('',(44.0000006556511,86.40192511485,0.));
#5261=CARTESIAN_POINT('',(42.5000006556511,83.8038489034967,3.));
#5262=CARTESIAN_POINT('',(42.5000006556511,83.8038489034967,0.));
#5263=CARTESIAN_POINT('',(44.0000006556511,86.40192511485,3.));
#5264=CARTESIAN_POINT('',(44.0000006556511,86.40192511485,3.));
#5265=CARTESIAN_POINT('',(44.0000006556511,86.40192511485,0.));
#5266=CARTESIAN_POINT('Origin',(42.5000006556511,89.0000013262032,0.));
#5267=CARTESIAN_POINT('',(42.5000006556511,89.0000013262032,0.));
#5268=CARTESIAN_POINT('',(42.5000006556511,89.0000013262032,0.));
#5269=CARTESIAN_POINT('',(42.5000006556511,89.0000013262032,3.));
#5270=CARTESIAN_POINT('',(42.5000006556511,89.0000013262032,3.));
#5271=CARTESIAN_POINT('',(42.5000006556511,89.0000013262032,0.));
#5272=CARTESIAN_POINT('Origin',(41.0000006556513,86.4019251148498,0.));
#5273=CARTESIAN_POINT('',(41.0000006556513,86.4019251148498,0.));
#5274=CARTESIAN_POINT('',(42.5000006556511,89.0000013262032,0.));
#5275=CARTESIAN_POINT('',(41.0000006556513,86.4019251148498,3.));
#5276=CARTESIAN_POINT('',(42.5000006556511,89.0000013262032,3.));
#5277=CARTESIAN_POINT('',(41.0000006556513,86.4019251148498,0.));
#5278=CARTESIAN_POINT('Origin',(42.5000006556511,83.8038489034967,0.));
#5279=CARTESIAN_POINT('',(41.0000006556513,86.4019251148498,0.));
#5280=CARTESIAN_POINT('',(41.0000006556513,86.4019251148498,3.));
#5281=CARTESIAN_POINT('Origin',(54.0000006556511,89.40192511485,0.));
#5282=CARTESIAN_POINT('',(54.0000006556511,89.40192511485,0.));
#5283=CARTESIAN_POINT('',(52.5000006556511,86.8038489034967,0.));
#5284=CARTESIAN_POINT('',(54.0000006556511,89.40192511485,0.));
#5285=CARTESIAN_POINT('',(52.5000006556511,86.8038489034967,3.));
#5286=CARTESIAN_POINT('',(52.5000006556511,86.8038489034967,0.));
#5287=CARTESIAN_POINT('',(54.0000006556511,89.40192511485,3.));
#5288=CARTESIAN_POINT('',(54.0000006556511,89.40192511485,3.));
#5289=CARTESIAN_POINT('',(54.0000006556511,89.40192511485,0.));
#5290=CARTESIAN_POINT('Origin',(52.5000006556511,92.0000013262032,0.));
#5291=CARTESIAN_POINT('',(52.5000006556511,92.0000013262032,0.));
#5292=CARTESIAN_POINT('',(52.5000006556511,92.0000013262032,0.));
#5293=CARTESIAN_POINT('',(52.5000006556511,92.0000013262032,3.));
#5294=CARTESIAN_POINT('',(52.5000006556511,92.0000013262032,3.));
#5295=CARTESIAN_POINT('',(52.5000006556511,92.0000013262032,0.));
#5296=CARTESIAN_POINT('Origin',(51.0000006556513,89.4019251148498,0.));
#5297=CARTESIAN_POINT('',(51.0000006556513,89.4019251148498,0.));
#5298=CARTESIAN_POINT('',(52.5000006556511,92.0000013262032,0.));
#5299=CARTESIAN_POINT('',(51.0000006556513,89.4019251148498,3.));
#5300=CARTESIAN_POINT('',(52.5000006556511,92.0000013262032,3.));
#5301=CARTESIAN_POINT('',(51.0000006556513,89.4019251148498,0.));
#5302=CARTESIAN_POINT('Origin',(52.5000006556511,86.8038489034967,0.));
#5303=CARTESIAN_POINT('',(51.0000006556513,89.4019251148498,0.));
#5304=CARTESIAN_POINT('',(51.0000006556513,89.4019251148498,3.));
#5305=CARTESIAN_POINT('Origin',(54.625,16.025,0.));
#5306=CARTESIAN_POINT('',(54.625,16.025,0.));
#5307=CARTESIAN_POINT('',(54.625,3.025,0.));
#5308=CARTESIAN_POINT('',(54.625,3.025,0.));
#5309=CARTESIAN_POINT('',(54.625,3.025,3.));
#5310=CARTESIAN_POINT('',(54.625,3.025,0.));
#5311=CARTESIAN_POINT('',(54.625,16.025,3.));
#5312=CARTESIAN_POINT('',(54.625,3.025,3.));
#5313=CARTESIAN_POINT('',(54.625,16.025,0.));
#5314=CARTESIAN_POINT('Origin',(54.125,16.025,0.));
#5315=CARTESIAN_POINT('',(54.125,16.525,0.));
#5316=CARTESIAN_POINT('Origin',(54.125,16.025,0.));
#5317=CARTESIAN_POINT('',(54.125,16.525,3.));
#5318=CARTESIAN_POINT('Origin',(54.125,16.025,3.));
#5319=CARTESIAN_POINT('',(54.125,16.525,0.));
#5320=CARTESIAN_POINT('Origin',(41.125,16.525,0.));
#5321=CARTESIAN_POINT('',(41.125,16.525,0.));
#5322=CARTESIAN_POINT('',(54.125,16.525,0.));
#5323=CARTESIAN_POINT('',(41.125,16.525,3.));
#5324=CARTESIAN_POINT('',(54.125,16.525,3.));
#5325=CARTESIAN_POINT('',(41.125,16.525,0.));
#5326=CARTESIAN_POINT('Origin',(41.125,16.025,0.));
#5327=CARTESIAN_POINT('',(40.625,16.025,0.));
#5328=CARTESIAN_POINT('Origin',(41.125,16.025,0.));
#5329=CARTESIAN_POINT('',(40.625,16.025,3.));
#5330=CARTESIAN_POINT('Origin',(41.125,16.025,3.));
#5331=CARTESIAN_POINT('',(40.625,16.025,0.));
#5332=CARTESIAN_POINT('Origin',(40.625,3.025,0.));
#5333=CARTESIAN_POINT('',(40.625,3.025,0.));
#5334=CARTESIAN_POINT('',(40.625,16.025,0.));
#5335=CARTESIAN_POINT('',(40.625,3.025,3.));
#5336=CARTESIAN_POINT('',(40.625,16.025,3.));
#5337=CARTESIAN_POINT('',(40.625,3.025,0.));
#5338=CARTESIAN_POINT('Origin',(41.125,3.025,0.));
#5339=CARTESIAN_POINT('',(41.125,2.525,0.));
#5340=CARTESIAN_POINT('Origin',(41.125,3.025,0.));
#5341=CARTESIAN_POINT('',(41.125,2.525,3.));
#5342=CARTESIAN_POINT('Origin',(41.125,3.025,3.));
#5343=CARTESIAN_POINT('',(41.125,2.525,0.));
#5344=CARTESIAN_POINT('Origin',(54.125,2.525,0.));
#5345=CARTESIAN_POINT('',(54.125,2.525,0.));
#5346=CARTESIAN_POINT('',(41.125,2.525,0.));
#5347=CARTESIAN_POINT('',(54.125,2.525,3.));
#5348=CARTESIAN_POINT('',(41.125,2.525,3.));
#5349=CARTESIAN_POINT('',(54.125,2.525,0.));
#5350=CARTESIAN_POINT('Origin',(54.125,3.025,0.));
#5351=CARTESIAN_POINT('Origin',(54.125,3.025,0.));
#5352=CARTESIAN_POINT('Origin',(54.125,3.025,3.));
#5353=CARTESIAN_POINT('Origin',(48.0000006556511,86.40192511485,0.));
#5354=CARTESIAN_POINT('',(48.0000006556511,86.40192511485,0.));
#5355=CARTESIAN_POINT('',(46.5000006556511,83.8038489034967,0.));
#5356=CARTESIAN_POINT('',(48.0000006556511,86.40192511485,0.));
#5357=CARTESIAN_POINT('',(46.5000006556511,83.8038489034967,3.));
#5358=CARTESIAN_POINT('',(46.5000006556511,83.8038489034967,0.));
#5359=CARTESIAN_POINT('',(48.0000006556511,86.40192511485,3.));
#5360=CARTESIAN_POINT('',(48.0000006556511,86.40192511485,3.));
#5361=CARTESIAN_POINT('',(48.0000006556511,86.40192511485,0.));
#5362=CARTESIAN_POINT('Origin',(46.5000006556511,89.0000013262032,0.));
#5363=CARTESIAN_POINT('',(46.5000006556511,89.0000013262032,0.));
#5364=CARTESIAN_POINT('',(46.5000006556511,89.0000013262032,0.));
#5365=CARTESIAN_POINT('',(46.5000006556511,89.0000013262032,3.));
#5366=CARTESIAN_POINT('',(46.5000006556511,89.0000013262032,3.));
#5367=CARTESIAN_POINT('',(46.5000006556511,89.0000013262032,0.));
#5368=CARTESIAN_POINT('Origin',(45.0000006556513,86.4019251148498,0.));
#5369=CARTESIAN_POINT('',(45.0000006556513,86.4019251148498,0.));
#5370=CARTESIAN_POINT('',(46.5000006556511,89.0000013262032,0.));
#5371=CARTESIAN_POINT('',(45.0000006556513,86.4019251148498,3.));
#5372=CARTESIAN_POINT('',(46.5000006556511,89.0000013262032,3.));
#5373=CARTESIAN_POINT('',(45.0000006556513,86.4019251148498,0.));
#5374=CARTESIAN_POINT('Origin',(46.5000006556511,83.8038489034967,0.));
#5375=CARTESIAN_POINT('',(45.0000006556513,86.4019251148498,0.));
#5376=CARTESIAN_POINT('',(45.0000006556513,86.4019251148498,3.));
#5377=CARTESIAN_POINT('Origin',(54.625,73.175,0.));
#5378=CARTESIAN_POINT('',(54.625,73.175,0.));
#5379=CARTESIAN_POINT('',(54.625,60.175,0.));
#5380=CARTESIAN_POINT('',(54.625,60.175,0.));
#5381=CARTESIAN_POINT('',(54.625,60.175,3.));
#5382=CARTESIAN_POINT('',(54.625,60.175,0.));
#5383=CARTESIAN_POINT('',(54.625,73.175,3.));
#5384=CARTESIAN_POINT('',(54.625,60.175,3.));
#5385=CARTESIAN_POINT('',(54.625,73.175,0.));
#5386=CARTESIAN_POINT('Origin',(54.125,73.175,0.));
#5387=CARTESIAN_POINT('',(54.125,73.675,0.));
#5388=CARTESIAN_POINT('Origin',(54.125,73.175,0.));
#5389=CARTESIAN_POINT('',(54.125,73.675,3.));
#5390=CARTESIAN_POINT('Origin',(54.125,73.175,3.));
#5391=CARTESIAN_POINT('',(54.125,73.675,0.));
#5392=CARTESIAN_POINT('Origin',(41.125,73.675,0.));
#5393=CARTESIAN_POINT('',(41.125,73.675,0.));
#5394=CARTESIAN_POINT('',(54.125,73.675,0.));
#5395=CARTESIAN_POINT('',(41.125,73.675,3.));
#5396=CARTESIAN_POINT('',(54.125,73.675,3.));
#5397=CARTESIAN_POINT('',(41.125,73.675,0.));
#5398=CARTESIAN_POINT('Origin',(41.125,73.175,0.));
#5399=CARTESIAN_POINT('',(40.625,73.175,0.));
#5400=CARTESIAN_POINT('Origin',(41.125,73.175,0.));
#5401=CARTESIAN_POINT('',(40.625,73.175,3.));
#5402=CARTESIAN_POINT('Origin',(41.125,73.175,3.));
#5403=CARTESIAN_POINT('',(40.625,73.175,0.));
#5404=CARTESIAN_POINT('Origin',(40.625,60.175,0.));
#5405=CARTESIAN_POINT('',(40.625,60.175,0.));
#5406=CARTESIAN_POINT('',(40.625,73.175,0.));
#5407=CARTESIAN_POINT('',(40.625,60.175,3.));
#5408=CARTESIAN_POINT('',(40.625,73.175,3.));
#5409=CARTESIAN_POINT('',(40.625,60.175,0.));
#5410=CARTESIAN_POINT('Origin',(41.125,60.175,0.));
#5411=CARTESIAN_POINT('',(41.125,59.675,0.));
#5412=CARTESIAN_POINT('Origin',(41.125,60.175,0.));
#5413=CARTESIAN_POINT('',(41.125,59.675,3.));
#5414=CARTESIAN_POINT('Origin',(41.125,60.175,3.));
#5415=CARTESIAN_POINT('',(41.125,59.675,0.));
#5416=CARTESIAN_POINT('Origin',(54.125,59.675,0.));
#5417=CARTESIAN_POINT('',(54.125,59.675,0.));
#5418=CARTESIAN_POINT('',(41.125,59.675,0.));
#5419=CARTESIAN_POINT('',(54.125,59.675,3.));
#5420=CARTESIAN_POINT('',(41.125,59.675,3.));
#5421=CARTESIAN_POINT('',(54.125,59.675,0.));
#5422=CARTESIAN_POINT('Origin',(54.125,60.175,0.));
#5423=CARTESIAN_POINT('Origin',(54.125,60.175,0.));
#5424=CARTESIAN_POINT('Origin',(54.125,60.175,3.));
#5425=CARTESIAN_POINT('Origin',(54.625,35.075,0.));
#5426=CARTESIAN_POINT('',(54.625,35.075,0.));
#5427=CARTESIAN_POINT('',(54.625,22.075,0.));
#5428=CARTESIAN_POINT('',(54.625,22.075,0.));
#5429=CARTESIAN_POINT('',(54.625,22.075,3.));
#5430=CARTESIAN_POINT('',(54.625,22.075,0.));
#5431=CARTESIAN_POINT('',(54.625,35.075,3.));
#5432=CARTESIAN_POINT('',(54.625,22.075,3.));
#5433=CARTESIAN_POINT('',(54.625,35.075,0.));
#5434=CARTESIAN_POINT('Origin',(54.125,35.075,0.));
#5435=CARTESIAN_POINT('',(54.125,35.575,0.));
#5436=CARTESIAN_POINT('Origin',(54.125,35.075,0.));
#5437=CARTESIAN_POINT('',(54.125,35.575,3.));
#5438=CARTESIAN_POINT('Origin',(54.125,35.075,3.));
#5439=CARTESIAN_POINT('',(54.125,35.575,0.));
#5440=CARTESIAN_POINT('Origin',(41.125,35.575,0.));
#5441=CARTESIAN_POINT('',(41.125,35.575,0.));
#5442=CARTESIAN_POINT('',(54.125,35.575,0.));
#5443=CARTESIAN_POINT('',(41.125,35.575,3.));
#5444=CARTESIAN_POINT('',(54.125,35.575,3.));
#5445=CARTESIAN_POINT('',(41.125,35.575,0.));
#5446=CARTESIAN_POINT('Origin',(41.125,35.075,0.));
#5447=CARTESIAN_POINT('',(40.625,35.075,0.));
#5448=CARTESIAN_POINT('Origin',(41.125,35.075,0.));
#5449=CARTESIAN_POINT('',(40.625,35.075,3.));
#5450=CARTESIAN_POINT('Origin',(41.125,35.075,3.));
#5451=CARTESIAN_POINT('',(40.625,35.075,0.));
#5452=CARTESIAN_POINT('Origin',(40.625,22.075,0.));
#5453=CARTESIAN_POINT('',(40.625,22.075,0.));
#5454=CARTESIAN_POINT('',(40.625,35.075,0.));
#5455=CARTESIAN_POINT('',(40.625,22.075,3.));
#5456=CARTESIAN_POINT('',(40.625,35.075,3.));
#5457=CARTESIAN_POINT('',(40.625,22.075,0.));
#5458=CARTESIAN_POINT('Origin',(41.125,22.075,0.));
#5459=CARTESIAN_POINT('',(41.125,21.575,0.));
#5460=CARTESIAN_POINT('Origin',(41.125,22.075,0.));
#5461=CARTESIAN_POINT('',(41.125,21.575,3.));
#5462=CARTESIAN_POINT('Origin',(41.125,22.075,3.));
#5463=CARTESIAN_POINT('',(41.125,21.575,0.));
#5464=CARTESIAN_POINT('Origin',(54.125,21.575,0.));
#5465=CARTESIAN_POINT('',(54.125,21.575,0.));
#5466=CARTESIAN_POINT('',(41.125,21.575,0.));
#5467=CARTESIAN_POINT('',(54.125,21.575,3.));
#5468=CARTESIAN_POINT('',(41.125,21.575,3.));
#5469=CARTESIAN_POINT('',(54.125,21.575,0.));
#5470=CARTESIAN_POINT('Origin',(54.125,22.075,0.));
#5471=CARTESIAN_POINT('Origin',(54.125,22.075,0.));
#5472=CARTESIAN_POINT('Origin',(54.125,22.075,3.));
#5473=CARTESIAN_POINT('Origin',(54.625,54.125,0.));
#5474=CARTESIAN_POINT('',(54.625,54.125,0.));
#5475=CARTESIAN_POINT('',(54.625,41.125,0.));
#5476=CARTESIAN_POINT('',(54.625,41.125,0.));
#5477=CARTESIAN_POINT('',(54.625,41.125,3.));
#5478=CARTESIAN_POINT('',(54.625,41.125,0.));
#5479=CARTESIAN_POINT('',(54.625,54.125,3.));
#5480=CARTESIAN_POINT('',(54.625,41.125,3.));
#5481=CARTESIAN_POINT('',(54.625,54.125,0.));
#5482=CARTESIAN_POINT('Origin',(54.125,54.125,0.));
#5483=CARTESIAN_POINT('',(54.125,54.625,0.));
#5484=CARTESIAN_POINT('Origin',(54.125,54.125,0.));
#5485=CARTESIAN_POINT('',(54.125,54.625,3.));
#5486=CARTESIAN_POINT('Origin',(54.125,54.125,3.));
#5487=CARTESIAN_POINT('',(54.125,54.625,0.));
#5488=CARTESIAN_POINT('Origin',(41.125,54.625,0.));
#5489=CARTESIAN_POINT('',(41.125,54.625,0.));
#5490=CARTESIAN_POINT('',(54.125,54.625,0.));
#5491=CARTESIAN_POINT('',(41.125,54.625,3.));
#5492=CARTESIAN_POINT('',(54.125,54.625,3.));
#5493=CARTESIAN_POINT('',(41.125,54.625,0.));
#5494=CARTESIAN_POINT('Origin',(41.125,54.125,0.));
#5495=CARTESIAN_POINT('',(40.625,54.125,0.));
#5496=CARTESIAN_POINT('Origin',(41.125,54.125,0.));
#5497=CARTESIAN_POINT('',(40.625,54.125,3.));
#5498=CARTESIAN_POINT('Origin',(41.125,54.125,3.));
#5499=CARTESIAN_POINT('',(40.625,54.125,0.));
#5500=CARTESIAN_POINT('Origin',(40.625,41.125,0.));
#5501=CARTESIAN_POINT('',(40.625,41.125,0.));
#5502=CARTESIAN_POINT('',(40.625,54.125,0.));
#5503=CARTESIAN_POINT('',(40.625,41.125,3.));
#5504=CARTESIAN_POINT('',(40.625,54.125,3.));
#5505=CARTESIAN_POINT('',(40.625,41.125,0.));
#5506=CARTESIAN_POINT('Origin',(41.125,41.125,0.));
#5507=CARTESIAN_POINT('',(41.125,40.625,0.));
#5508=CARTESIAN_POINT('Origin',(41.125,41.125,0.));
#5509=CARTESIAN_POINT('',(41.125,40.625,3.));
#5510=CARTESIAN_POINT('Origin',(41.125,41.125,3.));
#5511=CARTESIAN_POINT('',(41.125,40.625,0.));
#5512=CARTESIAN_POINT('Origin',(54.125,40.625,0.));
#5513=CARTESIAN_POINT('',(54.125,40.625,0.));
#5514=CARTESIAN_POINT('',(41.125,40.625,0.));
#5515=CARTESIAN_POINT('',(54.125,40.625,3.));
#5516=CARTESIAN_POINT('',(41.125,40.625,3.));
#5517=CARTESIAN_POINT('',(54.125,40.625,0.));
#5518=CARTESIAN_POINT('Origin',(54.125,41.125,0.));
#5519=CARTESIAN_POINT('Origin',(54.125,41.125,0.));
#5520=CARTESIAN_POINT('Origin',(54.125,41.125,3.));
#5521=CARTESIAN_POINT('Origin',(-5.50000014901161,102.3,0.));
#5522=CARTESIAN_POINT('',(-7.20000014901162,102.3,3.));
#5523=CARTESIAN_POINT('Origin',(-5.50000014901161,102.3,3.));
#5524=CARTESIAN_POINT('',(-7.20000014901161,102.3,0.));
#5525=CARTESIAN_POINT('',(-7.20000014901161,102.3,0.));
#5526=CARTESIAN_POINT('Origin',(-5.50000014901161,102.3,0.));
#5527=CARTESIAN_POINT('Origin',(35.575,35.075,0.));
#5528=CARTESIAN_POINT('',(35.575,35.075,0.));
#5529=CARTESIAN_POINT('',(35.575,22.075,0.));
#5530=CARTESIAN_POINT('',(35.575,22.075,0.));
#5531=CARTESIAN_POINT('',(35.575,22.075,3.));
#5532=CARTESIAN_POINT('',(35.575,22.075,0.));
#5533=CARTESIAN_POINT('',(35.575,35.075,3.));
#5534=CARTESIAN_POINT('',(35.575,22.075,3.));
#5535=CARTESIAN_POINT('',(35.575,35.075,0.));
#5536=CARTESIAN_POINT('Origin',(35.075,35.075,0.));
#5537=CARTESIAN_POINT('',(35.075,35.575,0.));
#5538=CARTESIAN_POINT('Origin',(35.075,35.075,0.));
#5539=CARTESIAN_POINT('',(35.075,35.575,3.));
#5540=CARTESIAN_POINT('Origin',(35.075,35.075,3.));
#5541=CARTESIAN_POINT('',(35.075,35.575,0.));
#5542=CARTESIAN_POINT('Origin',(22.075,35.575,0.));
#5543=CARTESIAN_POINT('',(22.075,35.575,0.));
#5544=CARTESIAN_POINT('',(35.075,35.575,0.));
#5545=CARTESIAN_POINT('',(22.075,35.575,3.));
#5546=CARTESIAN_POINT('',(35.075,35.575,3.));
#5547=CARTESIAN_POINT('',(22.075,35.575,0.));
#5548=CARTESIAN_POINT('Origin',(22.075,35.075,0.));
#5549=CARTESIAN_POINT('',(21.575,35.075,0.));
#5550=CARTESIAN_POINT('Origin',(22.075,35.075,0.));
#5551=CARTESIAN_POINT('',(21.575,35.075,3.));
#5552=CARTESIAN_POINT('Origin',(22.075,35.075,3.));
#5553=CARTESIAN_POINT('',(21.575,35.075,0.));
#5554=CARTESIAN_POINT('Origin',(21.575,22.075,0.));
#5555=CARTESIAN_POINT('',(21.575,22.075,0.));
#5556=CARTESIAN_POINT('',(21.575,35.075,0.));
#5557=CARTESIAN_POINT('',(21.575,22.075,3.));
#5558=CARTESIAN_POINT('',(21.575,35.075,3.));
#5559=CARTESIAN_POINT('',(21.575,22.075,0.));
#5560=CARTESIAN_POINT('Origin',(22.075,22.075,0.));
#5561=CARTESIAN_POINT('',(22.075,21.575,0.));
#5562=CARTESIAN_POINT('Origin',(22.075,22.075,0.));
#5563=CARTESIAN_POINT('',(22.075,21.575,3.));
#5564=CARTESIAN_POINT('Origin',(22.075,22.075,3.));
#5565=CARTESIAN_POINT('',(22.075,21.575,0.));
#5566=CARTESIAN_POINT('Origin',(35.075,21.575,0.));
#5567=CARTESIAN_POINT('',(35.075,21.575,0.));
#5568=CARTESIAN_POINT('',(22.075,21.575,0.));
#5569=CARTESIAN_POINT('',(35.075,21.575,3.));
#5570=CARTESIAN_POINT('',(22.075,21.575,3.));
#5571=CARTESIAN_POINT('',(35.075,21.575,0.));
#5572=CARTESIAN_POINT('Origin',(35.075,22.075,0.));
#5573=CARTESIAN_POINT('Origin',(35.075,22.075,0.));
#5574=CARTESIAN_POINT('Origin',(35.075,22.075,3.));
#5575=CARTESIAN_POINT('Origin',(16.525,54.125,0.));
#5576=CARTESIAN_POINT('',(16.525,54.125,0.));
#5577=CARTESIAN_POINT('',(16.525,41.125,0.));
#5578=CARTESIAN_POINT('',(16.525,41.125,0.));
#5579=CARTESIAN_POINT('',(16.525,41.125,3.));
#5580=CARTESIAN_POINT('',(16.525,41.125,0.));
#5581=CARTESIAN_POINT('',(16.525,54.125,3.));
#5582=CARTESIAN_POINT('',(16.525,41.125,3.));
#5583=CARTESIAN_POINT('',(16.525,54.125,0.));
#5584=CARTESIAN_POINT('Origin',(16.025,54.125,0.));
#5585=CARTESIAN_POINT('',(16.025,54.625,0.));
#5586=CARTESIAN_POINT('Origin',(16.025,54.125,0.));
#5587=CARTESIAN_POINT('',(16.025,54.625,3.));
#5588=CARTESIAN_POINT('Origin',(16.025,54.125,3.));
#5589=CARTESIAN_POINT('',(16.025,54.625,0.));
#5590=CARTESIAN_POINT('Origin',(3.025,54.625,0.));
#5591=CARTESIAN_POINT('',(3.025,54.625,0.));
#5592=CARTESIAN_POINT('',(16.025,54.625,0.));
#5593=CARTESIAN_POINT('',(3.025,54.625,3.));
#5594=CARTESIAN_POINT('',(16.025,54.625,3.));
#5595=CARTESIAN_POINT('',(3.025,54.625,0.));
#5596=CARTESIAN_POINT('Origin',(3.025,54.125,0.));
#5597=CARTESIAN_POINT('',(2.525,54.125,0.));
#5598=CARTESIAN_POINT('Origin',(3.025,54.125,0.));
#5599=CARTESIAN_POINT('',(2.525,54.125,3.));
#5600=CARTESIAN_POINT('Origin',(3.025,54.125,3.));
#5601=CARTESIAN_POINT('',(2.525,54.125,0.));
#5602=CARTESIAN_POINT('Origin',(2.525,41.125,0.));
#5603=CARTESIAN_POINT('',(2.525,41.125,0.));
#5604=CARTESIAN_POINT('',(2.525,54.125,0.));
#5605=CARTESIAN_POINT('',(2.525,41.125,3.));
#5606=CARTESIAN_POINT('',(2.525,54.125,3.));
#5607=CARTESIAN_POINT('',(2.525,41.125,0.));
#5608=CARTESIAN_POINT('Origin',(3.025,41.125,0.));
#5609=CARTESIAN_POINT('',(3.025,40.625,0.));
#5610=CARTESIAN_POINT('Origin',(3.025,41.125,0.));
#5611=CARTESIAN_POINT('',(3.025,40.625,3.));
#5612=CARTESIAN_POINT('Origin',(3.025,41.125,3.));
#5613=CARTESIAN_POINT('',(3.025,40.625,0.));
#5614=CARTESIAN_POINT('Origin',(16.025,40.625,0.));
#5615=CARTESIAN_POINT('',(16.025,40.625,0.));
#5616=CARTESIAN_POINT('',(3.025,40.625,0.));
#5617=CARTESIAN_POINT('',(16.025,40.625,3.));
#5618=CARTESIAN_POINT('',(3.025,40.625,3.));
#5619=CARTESIAN_POINT('',(16.025,40.625,0.));
#5620=CARTESIAN_POINT('Origin',(16.025,41.125,0.));
#5621=CARTESIAN_POINT('Origin',(16.025,41.125,0.));
#5622=CARTESIAN_POINT('Origin',(16.025,41.125,3.));
#5623=CARTESIAN_POINT('Origin',(2.525,3.025,0.));
#5624=CARTESIAN_POINT('',(2.525,3.025,0.));
#5625=CARTESIAN_POINT('',(2.525,16.025,0.));
#5626=CARTESIAN_POINT('',(2.525,16.025,0.));
#5627=CARTESIAN_POINT('',(2.525,16.025,3.));
#5628=CARTESIAN_POINT('',(2.525,16.025,0.));
#5629=CARTESIAN_POINT('',(2.525,3.025,3.));
#5630=CARTESIAN_POINT('',(2.525,16.025,3.));
#5631=CARTESIAN_POINT('',(2.525,3.025,0.));
#5632=CARTESIAN_POINT('Origin',(3.025,3.025,0.));
#5633=CARTESIAN_POINT('',(3.025,2.525,0.));
#5634=CARTESIAN_POINT('Origin',(3.025,3.025,0.));
#5635=CARTESIAN_POINT('',(3.025,2.525,3.));
#5636=CARTESIAN_POINT('Origin',(3.025,3.025,3.));
#5637=CARTESIAN_POINT('',(3.025,2.525,0.));
#5638=CARTESIAN_POINT('Origin',(16.025,2.525,0.));
#5639=CARTESIAN_POINT('',(16.025,2.525,0.));
#5640=CARTESIAN_POINT('',(3.025,2.525,0.));
#5641=CARTESIAN_POINT('',(16.025,2.525,3.));
#5642=CARTESIAN_POINT('',(3.025,2.525,3.));
#5643=CARTESIAN_POINT('',(16.025,2.525,0.));
#5644=CARTESIAN_POINT('Origin',(16.025,3.025,0.));
#5645=CARTESIAN_POINT('',(16.525,3.025,0.));
#5646=CARTESIAN_POINT('Origin',(16.025,3.025,0.));
#5647=CARTESIAN_POINT('',(16.525,3.025,3.));
#5648=CARTESIAN_POINT('Origin',(16.025,3.025,3.));
#5649=CARTESIAN_POINT('',(16.525,3.025,0.));
#5650=CARTESIAN_POINT('Origin',(16.525,16.025,0.));
#5651=CARTESIAN_POINT('',(16.525,16.025,0.));
#5652=CARTESIAN_POINT('',(16.525,3.025,0.));
#5653=CARTESIAN_POINT('',(16.525,16.025,3.));
#5654=CARTESIAN_POINT('',(16.525,3.025,3.));
#5655=CARTESIAN_POINT('',(16.525,16.025,0.));
#5656=CARTESIAN_POINT('Origin',(16.025,16.025,0.));
#5657=CARTESIAN_POINT('',(16.025,16.525,0.));
#5658=CARTESIAN_POINT('Origin',(16.025,16.025,0.));
#5659=CARTESIAN_POINT('',(16.025,16.525,3.));
#5660=CARTESIAN_POINT('Origin',(16.025,16.025,3.));
#5661=CARTESIAN_POINT('',(16.025,16.525,0.));
#5662=CARTESIAN_POINT('Origin',(3.025,16.525,0.));
#5663=CARTESIAN_POINT('',(3.025,16.525,0.));
#5664=CARTESIAN_POINT('',(16.025,16.525,0.));
#5665=CARTESIAN_POINT('',(3.025,16.525,3.));
#5666=CARTESIAN_POINT('',(16.025,16.525,3.));
#5667=CARTESIAN_POINT('',(3.025,16.525,0.));
#5668=CARTESIAN_POINT('Origin',(3.025,16.025,0.));
#5669=CARTESIAN_POINT('Origin',(3.025,16.025,0.));
#5670=CARTESIAN_POINT('Origin',(3.025,16.025,3.));
#5671=CARTESIAN_POINT('Origin',(48.0000006556511,92.40192511485,0.));
#5672=CARTESIAN_POINT('',(48.0000006556511,92.40192511485,0.));
#5673=CARTESIAN_POINT('',(46.5000006556511,89.8038489034967,0.));
#5674=CARTESIAN_POINT('',(48.0000006556511,92.40192511485,0.));
#5675=CARTESIAN_POINT('',(46.5000006556511,89.8038489034967,3.));
#5676=CARTESIAN_POINT('',(46.5000006556511,89.8038489034967,0.));
#5677=CARTESIAN_POINT('',(48.0000006556511,92.40192511485,3.));
#5678=CARTESIAN_POINT('',(48.0000006556511,92.40192511485,3.));
#5679=CARTESIAN_POINT('',(48.0000006556511,92.40192511485,0.));
#5680=CARTESIAN_POINT('Origin',(46.5000006556511,95.0000013262032,0.));
#5681=CARTESIAN_POINT('',(46.5000006556511,95.0000013262032,0.));
#5682=CARTESIAN_POINT('',(46.5000006556511,95.0000013262032,0.));
#5683=CARTESIAN_POINT('',(46.5000006556511,95.0000013262032,3.));
#5684=CARTESIAN_POINT('',(46.5000006556511,95.0000013262032,3.));
#5685=CARTESIAN_POINT('',(46.5000006556511,95.0000013262032,0.));
#5686=CARTESIAN_POINT('Origin',(45.0000006556513,92.4019251148498,0.));
#5687=CARTESIAN_POINT('',(45.0000006556513,92.4019251148498,0.));
#5688=CARTESIAN_POINT('',(46.5000006556511,95.0000013262032,0.));
#5689=CARTESIAN_POINT('',(45.0000006556513,92.4019251148498,3.));
#5690=CARTESIAN_POINT('',(46.5000006556511,95.0000013262032,3.));
#5691=CARTESIAN_POINT('',(45.0000006556513,92.4019251148498,0.));
#5692=CARTESIAN_POINT('Origin',(46.5000006556511,89.8038489034967,0.));
#5693=CARTESIAN_POINT('',(45.0000006556513,92.4019251148498,0.));
#5694=CARTESIAN_POINT('',(45.0000006556513,92.4019251148498,3.));
#5695=CARTESIAN_POINT('Origin',(50.0000006556511,83.40192511485,0.));
#5696=CARTESIAN_POINT('',(50.0000006556511,83.40192511485,0.));
#5697=CARTESIAN_POINT('',(48.5000006556511,80.8038489034967,0.));
#5698=CARTESIAN_POINT('',(50.0000006556511,83.40192511485,0.));
#5699=CARTESIAN_POINT('',(48.5000006556511,80.8038489034967,3.));
#5700=CARTESIAN_POINT('',(48.5000006556511,80.8038489034967,0.));
#5701=CARTESIAN_POINT('',(50.0000006556511,83.40192511485,3.));
#5702=CARTESIAN_POINT('',(50.0000006556511,83.40192511485,3.));
#5703=CARTESIAN_POINT('',(50.0000006556511,83.40192511485,0.));
#5704=CARTESIAN_POINT('Origin',(48.5000006556511,86.0000013262032,0.));
#5705=CARTESIAN_POINT('',(48.5000006556511,86.0000013262032,0.));
#5706=CARTESIAN_POINT('',(48.5000006556511,86.0000013262032,0.));
#5707=CARTESIAN_POINT('',(48.5000006556511,86.0000013262032,3.));
#5708=CARTESIAN_POINT('',(48.5000006556511,86.0000013262032,3.));
#5709=CARTESIAN_POINT('',(48.5000006556511,86.0000013262032,0.));
#5710=CARTESIAN_POINT('Origin',(47.0000006556513,83.4019251148498,0.));
#5711=CARTESIAN_POINT('',(47.0000006556513,83.4019251148498,0.));
#5712=CARTESIAN_POINT('',(48.5000006556511,86.0000013262032,0.));
#5713=CARTESIAN_POINT('',(47.0000006556513,83.4019251148498,3.));
#5714=CARTESIAN_POINT('',(48.5000006556511,86.0000013262032,3.));
#5715=CARTESIAN_POINT('',(47.0000006556513,83.4019251148498,0.));
#5716=CARTESIAN_POINT('Origin',(48.5000006556511,80.8038489034967,0.));
#5717=CARTESIAN_POINT('',(47.0000006556513,83.4019251148498,0.));
#5718=CARTESIAN_POINT('',(47.0000006556513,83.4019251148498,3.));
#5719=CARTESIAN_POINT('Origin',(50.0000006556511,89.40192511485,0.));
#5720=CARTESIAN_POINT('',(50.0000006556511,89.40192511485,0.));
#5721=CARTESIAN_POINT('',(48.5000006556511,86.8038489034967,0.));
#5722=CARTESIAN_POINT('',(50.0000006556511,89.40192511485,0.));
#5723=CARTESIAN_POINT('',(48.5000006556511,86.8038489034967,3.));
#5724=CARTESIAN_POINT('',(48.5000006556511,86.8038489034967,0.));
#5725=CARTESIAN_POINT('',(50.0000006556511,89.40192511485,3.));
#5726=CARTESIAN_POINT('',(50.0000006556511,89.40192511485,3.));
#5727=CARTESIAN_POINT('',(50.0000006556511,89.40192511485,0.));
#5728=CARTESIAN_POINT('Origin',(48.5000006556511,92.0000013262032,0.));
#5729=CARTESIAN_POINT('',(48.5000006556511,92.0000013262032,0.));
#5730=CARTESIAN_POINT('',(48.5000006556511,92.0000013262032,0.));
#5731=CARTESIAN_POINT('',(48.5000006556511,92.0000013262032,3.));
#5732=CARTESIAN_POINT('',(48.5000006556511,92.0000013262032,3.));
#5733=CARTESIAN_POINT('',(48.5000006556511,92.0000013262032,0.));
#5734=CARTESIAN_POINT('Origin',(47.0000006556513,89.4019251148498,0.));
#5735=CARTESIAN_POINT('',(47.0000006556513,89.4019251148498,0.));
#5736=CARTESIAN_POINT('',(48.5000006556511,92.0000013262032,0.));
#5737=CARTESIAN_POINT('',(47.0000006556513,89.4019251148498,3.));
#5738=CARTESIAN_POINT('',(48.5000006556511,92.0000013262032,3.));
#5739=CARTESIAN_POINT('',(47.0000006556513,89.4019251148498,0.));
#5740=CARTESIAN_POINT('Origin',(48.5000006556511,86.8038489034967,0.));
#5741=CARTESIAN_POINT('',(47.0000006556513,89.4019251148498,0.));
#5742=CARTESIAN_POINT('',(47.0000006556513,89.4019251148498,3.));
#5743=CARTESIAN_POINT('Origin',(46.0000006556511,89.40192511485,0.));
#5744=CARTESIAN_POINT('',(46.0000006556511,89.40192511485,0.));
#5745=CARTESIAN_POINT('',(44.5000006556511,86.8038489034967,0.));
#5746=CARTESIAN_POINT('',(46.0000006556511,89.40192511485,0.));
#5747=CARTESIAN_POINT('',(44.5000006556511,86.8038489034967,3.));
#5748=CARTESIAN_POINT('',(44.5000006556511,86.8038489034967,0.));
#5749=CARTESIAN_POINT('',(46.0000006556511,89.40192511485,3.));
#5750=CARTESIAN_POINT('',(46.0000006556511,89.40192511485,3.));
#5751=CARTESIAN_POINT('',(46.0000006556511,89.40192511485,0.));
#5752=CARTESIAN_POINT('Origin',(44.5000006556511,92.0000013262032,0.));
#5753=CARTESIAN_POINT('',(44.5000006556511,92.0000013262032,0.));
#5754=CARTESIAN_POINT('',(44.5000006556511,92.0000013262032,0.));
#5755=CARTESIAN_POINT('',(44.5000006556511,92.0000013262032,3.));
#5756=CARTESIAN_POINT('',(44.5000006556511,92.0000013262032,3.));
#5757=CARTESIAN_POINT('',(44.5000006556511,92.0000013262032,0.));
#5758=CARTESIAN_POINT('Origin',(43.0000006556513,89.4019251148498,0.));
#5759=CARTESIAN_POINT('',(43.0000006556513,89.4019251148498,0.));
#5760=CARTESIAN_POINT('',(44.5000006556511,92.0000013262032,0.));
#5761=CARTESIAN_POINT('',(43.0000006556513,89.4019251148498,3.));
#5762=CARTESIAN_POINT('',(44.5000006556511,92.0000013262032,3.));
#5763=CARTESIAN_POINT('',(43.0000006556513,89.4019251148498,0.));
#5764=CARTESIAN_POINT('Origin',(44.5000006556511,86.8038489034967,0.));
#5765=CARTESIAN_POINT('',(43.0000006556513,89.4019251148498,0.));
#5766=CARTESIAN_POINT('',(43.0000006556513,89.4019251148498,3.));
#5767=CARTESIAN_POINT('Origin',(22.075,16.525,0.));
#5768=CARTESIAN_POINT('',(22.075,16.525,0.));
#5769=CARTESIAN_POINT('',(35.075,16.525,0.));
#5770=CARTESIAN_POINT('',(35.075,16.525,0.));
#5771=CARTESIAN_POINT('',(35.075,16.525,3.));
#5772=CARTESIAN_POINT('',(35.075,16.525,0.));
#5773=CARTESIAN_POINT('',(22.075,16.525,3.));
#5774=CARTESIAN_POINT('',(35.075,16.525,3.));
#5775=CARTESIAN_POINT('',(22.075,16.525,0.));
#5776=CARTESIAN_POINT('Origin',(22.075,16.025,0.));
#5777=CARTESIAN_POINT('',(21.575,16.025,0.));
#5778=CARTESIAN_POINT('Origin',(22.075,16.025,0.));
#5779=CARTESIAN_POINT('',(21.575,16.025,3.));
#5780=CARTESIAN_POINT('Origin',(22.075,16.025,3.));
#5781=CARTESIAN_POINT('',(21.575,16.025,0.));
#5782=CARTESIAN_POINT('Origin',(21.575,3.025,0.));
#5783=CARTESIAN_POINT('',(21.575,3.025,0.));
#5784=CARTESIAN_POINT('',(21.575,16.025,0.));
#5785=CARTESIAN_POINT('',(21.575,3.025,3.));
#5786=CARTESIAN_POINT('',(21.575,16.025,3.));
#5787=CARTESIAN_POINT('',(21.575,3.025,0.));
#5788=CARTESIAN_POINT('Origin',(22.075,3.025,0.));
#5789=CARTESIAN_POINT('',(22.075,2.525,0.));
#5790=CARTESIAN_POINT('Origin',(22.075,3.025,0.));
#5791=CARTESIAN_POINT('',(22.075,2.525,3.));
#5792=CARTESIAN_POINT('Origin',(22.075,3.025,3.));
#5793=CARTESIAN_POINT('',(22.075,2.525,0.));
#5794=CARTESIAN_POINT('Origin',(35.075,2.525,0.));
#5795=CARTESIAN_POINT('',(35.075,2.525,0.));
#5796=CARTESIAN_POINT('',(22.075,2.525,0.));
#5797=CARTESIAN_POINT('',(35.075,2.525,3.));
#5798=CARTESIAN_POINT('',(22.075,2.525,3.));
#5799=CARTESIAN_POINT('',(35.075,2.525,0.));
#5800=CARTESIAN_POINT('Origin',(35.075,3.025,0.));
#5801=CARTESIAN_POINT('',(35.575,3.025,0.));
#5802=CARTESIAN_POINT('Origin',(35.075,3.025,0.));
#5803=CARTESIAN_POINT('',(35.575,3.025,3.));
#5804=CARTESIAN_POINT('Origin',(35.075,3.025,3.));
#5805=CARTESIAN_POINT('',(35.575,3.025,0.));
#5806=CARTESIAN_POINT('Origin',(35.575,16.025,0.));
#5807=CARTESIAN_POINT('',(35.575,16.025,0.));
#5808=CARTESIAN_POINT('',(35.575,3.025,0.));
#5809=CARTESIAN_POINT('',(35.575,16.025,3.));
#5810=CARTESIAN_POINT('',(35.575,3.025,3.));
#5811=CARTESIAN_POINT('',(35.575,16.025,0.));
#5812=CARTESIAN_POINT('Origin',(35.075,16.025,0.));
#5813=CARTESIAN_POINT('Origin',(35.075,16.025,0.));
#5814=CARTESIAN_POINT('Origin',(35.075,16.025,3.));
#5815=CARTESIAN_POINT('Origin',(62.6499992918783,-5.5,0.));
#5816=CARTESIAN_POINT('',(60.9499992918783,-5.50000000000001,3.));
#5817=CARTESIAN_POINT('Origin',(62.6499992918783,-5.5,3.));
#5818=CARTESIAN_POINT('',(60.9499992918783,-5.5,0.));
#5819=CARTESIAN_POINT('',(60.9499992918783,-5.5,0.));
#5820=CARTESIAN_POINT('Origin',(62.6499992918783,-5.5,0.));
#5821=CARTESIAN_POINT('Origin',(52.0000006556511,80.40192511485,0.));
#5822=CARTESIAN_POINT('',(52.0000006556511,80.40192511485,0.));
#5823=CARTESIAN_POINT('',(50.5000006556511,77.8038489034967,0.));
#5824=CARTESIAN_POINT('',(52.0000006556511,80.40192511485,0.));
#5825=CARTESIAN_POINT('',(50.5000006556511,77.8038489034967,3.));
#5826=CARTESIAN_POINT('',(50.5000006556511,77.8038489034967,0.));
#5827=CARTESIAN_POINT('',(52.0000006556511,80.40192511485,3.));
#5828=CARTESIAN_POINT('',(52.0000006556511,80.40192511485,3.));
#5829=CARTESIAN_POINT('',(52.0000006556511,80.40192511485,0.));
#5830=CARTESIAN_POINT('Origin',(50.5000006556511,83.0000013262032,0.));
#5831=CARTESIAN_POINT('',(50.5000006556511,83.0000013262032,0.));
#5832=CARTESIAN_POINT('',(50.5000006556511,83.0000013262032,0.));
#5833=CARTESIAN_POINT('',(50.5000006556511,83.0000013262032,3.));
#5834=CARTESIAN_POINT('',(50.5000006556511,83.0000013262032,3.));
#5835=CARTESIAN_POINT('',(50.5000006556511,83.0000013262032,0.));
#5836=CARTESIAN_POINT('Origin',(49.0000006556513,80.4019251148498,0.));
#5837=CARTESIAN_POINT('',(49.0000006556513,80.4019251148498,0.));
#5838=CARTESIAN_POINT('',(50.5000006556511,83.0000013262032,0.));
#5839=CARTESIAN_POINT('',(49.0000006556513,80.4019251148498,3.));
#5840=CARTESIAN_POINT('',(50.5000006556511,83.0000013262032,3.));
#5841=CARTESIAN_POINT('',(49.0000006556513,80.4019251148498,0.));
#5842=CARTESIAN_POINT('Origin',(50.5000006556511,77.8038489034967,0.));
#5843=CARTESIAN_POINT('',(49.0000006556513,80.4019251148498,0.));
#5844=CARTESIAN_POINT('',(49.0000006556513,80.4019251148498,3.));
#5845=CARTESIAN_POINT('Origin',(62.6499992918783,102.3,0.));
#5846=CARTESIAN_POINT('',(60.9499992918783,102.3,3.));
#5847=CARTESIAN_POINT('Origin',(62.6499992918783,102.3,3.));
#5848=CARTESIAN_POINT('',(60.9499992918783,102.3,0.));
#5849=CARTESIAN_POINT('',(60.9499992918783,102.3,0.));
#5850=CARTESIAN_POINT('Origin',(62.6499992918783,102.3,0.));
#5851=CARTESIAN_POINT('Origin',(2.525,60.175,0.));
#5852=CARTESIAN_POINT('',(2.525,60.175,0.));
#5853=CARTESIAN_POINT('',(2.525,73.175,0.));
#5854=CARTESIAN_POINT('',(2.525,73.175,0.));
#5855=CARTESIAN_POINT('',(2.525,73.175,3.));
#5856=CARTESIAN_POINT('',(2.525,73.175,0.));
#5857=CARTESIAN_POINT('',(2.525,60.175,3.));
#5858=CARTESIAN_POINT('',(2.525,73.175,3.));
#5859=CARTESIAN_POINT('',(2.525,60.175,0.));
#5860=CARTESIAN_POINT('Origin',(3.025,60.175,0.));
#5861=CARTESIAN_POINT('',(3.025,59.675,0.));
#5862=CARTESIAN_POINT('Origin',(3.025,60.175,0.));
#5863=CARTESIAN_POINT('',(3.025,59.675,3.));
#5864=CARTESIAN_POINT('Origin',(3.025,60.175,3.));
#5865=CARTESIAN_POINT('',(3.025,59.675,0.));
#5866=CARTESIAN_POINT('Origin',(16.025,59.675,0.));
#5867=CARTESIAN_POINT('',(16.025,59.675,0.));
#5868=CARTESIAN_POINT('',(3.025,59.675,0.));
#5869=CARTESIAN_POINT('',(16.025,59.675,3.));
#5870=CARTESIAN_POINT('',(3.025,59.675,3.));
#5871=CARTESIAN_POINT('',(16.025,59.675,0.));
#5872=CARTESIAN_POINT('Origin',(16.025,60.175,0.));
#5873=CARTESIAN_POINT('',(16.525,60.175,0.));
#5874=CARTESIAN_POINT('Origin',(16.025,60.175,0.));
#5875=CARTESIAN_POINT('',(16.525,60.175,3.));
#5876=CARTESIAN_POINT('Origin',(16.025,60.175,3.));
#5877=CARTESIAN_POINT('',(16.525,60.175,0.));
#5878=CARTESIAN_POINT('Origin',(16.525,73.175,0.));
#5879=CARTESIAN_POINT('',(16.525,73.175,0.));
#5880=CARTESIAN_POINT('',(16.525,60.175,0.));
#5881=CARTESIAN_POINT('',(16.525,73.175,3.));
#5882=CARTESIAN_POINT('',(16.525,60.175,3.));
#5883=CARTESIAN_POINT('',(16.525,73.175,0.));
#5884=CARTESIAN_POINT('Origin',(16.025,73.175,0.));
#5885=CARTESIAN_POINT('',(16.025,73.675,0.));
#5886=CARTESIAN_POINT('Origin',(16.025,73.175,0.));
#5887=CARTESIAN_POINT('',(16.025,73.675,3.));
#5888=CARTESIAN_POINT('Origin',(16.025,73.175,3.));
#5889=CARTESIAN_POINT('',(16.025,73.675,0.));
#5890=CARTESIAN_POINT('Origin',(3.025,73.675,0.));
#5891=CARTESIAN_POINT('',(3.025,73.675,0.));
#5892=CARTESIAN_POINT('',(16.025,73.675,0.));
#5893=CARTESIAN_POINT('',(3.025,73.675,3.));
#5894=CARTESIAN_POINT('',(16.025,73.675,3.));
#5895=CARTESIAN_POINT('',(3.025,73.675,0.));
#5896=CARTESIAN_POINT('Origin',(3.025,73.175,0.));
#5897=CARTESIAN_POINT('Origin',(3.025,73.175,0.));
#5898=CARTESIAN_POINT('Origin',(3.025,73.175,3.));
#5899=CARTESIAN_POINT('Origin',(35.575,73.175,0.));
#5900=CARTESIAN_POINT('',(35.575,73.175,0.));
#5901=CARTESIAN_POINT('',(35.575,60.175,0.));
#5902=CARTESIAN_POINT('',(35.575,60.175,0.));
#5903=CARTESIAN_POINT('',(35.575,60.175,3.));
#5904=CARTESIAN_POINT('',(35.575,60.175,0.));
#5905=CARTESIAN_POINT('',(35.575,73.175,3.));
#5906=CARTESIAN_POINT('',(35.575,60.175,3.));
#5907=CARTESIAN_POINT('',(35.575,73.175,0.));
#5908=CARTESIAN_POINT('Origin',(35.075,73.175,0.));
#5909=CARTESIAN_POINT('',(35.075,73.675,0.));
#5910=CARTESIAN_POINT('Origin',(35.075,73.175,0.));
#5911=CARTESIAN_POINT('',(35.075,73.675,3.));
#5912=CARTESIAN_POINT('Origin',(35.075,73.175,3.));
#5913=CARTESIAN_POINT('',(35.075,73.675,0.));
#5914=CARTESIAN_POINT('Origin',(22.075,73.675,0.));
#5915=CARTESIAN_POINT('',(22.075,73.675,0.));
#5916=CARTESIAN_POINT('',(35.075,73.675,0.));
#5917=CARTESIAN_POINT('',(22.075,73.675,3.));
#5918=CARTESIAN_POINT('',(35.075,73.675,3.));
#5919=CARTESIAN_POINT('',(22.075,73.675,0.));
#5920=CARTESIAN_POINT('Origin',(22.075,73.175,0.));
#5921=CARTESIAN_POINT('',(21.575,73.175,0.));
#5922=CARTESIAN_POINT('Origin',(22.075,73.175,0.));
#5923=CARTESIAN_POINT('',(21.575,73.175,3.));
#5924=CARTESIAN_POINT('Origin',(22.075,73.175,3.));
#5925=CARTESIAN_POINT('',(21.575,73.175,0.));
#5926=CARTESIAN_POINT('Origin',(21.575,60.175,0.));
#5927=CARTESIAN_POINT('',(21.575,60.175,0.));
#5928=CARTESIAN_POINT('',(21.575,73.175,0.));
#5929=CARTESIAN_POINT('',(21.575,60.175,3.));
#5930=CARTESIAN_POINT('',(21.575,73.175,3.));
#5931=CARTESIAN_POINT('',(21.575,60.175,0.));
#5932=CARTESIAN_POINT('Origin',(22.075,60.175,0.));
#5933=CARTESIAN_POINT('',(22.075,59.675,0.));
#5934=CARTESIAN_POINT('Origin',(22.075,60.175,0.));
#5935=CARTESIAN_POINT('',(22.075,59.675,3.));
#5936=CARTESIAN_POINT('Origin',(22.075,60.175,3.));
#5937=CARTESIAN_POINT('',(22.075,59.675,0.));
#5938=CARTESIAN_POINT('Origin',(35.075,59.675,0.));
#5939=CARTESIAN_POINT('',(35.075,59.675,0.));
#5940=CARTESIAN_POINT('',(22.075,59.675,0.));
#5941=CARTESIAN_POINT('',(35.075,59.675,3.));
#5942=CARTESIAN_POINT('',(22.075,59.675,3.));
#5943=CARTESIAN_POINT('',(35.075,59.675,0.));
#5944=CARTESIAN_POINT('Origin',(35.075,60.175,0.));
#5945=CARTESIAN_POINT('Origin',(35.075,60.175,0.));
#5946=CARTESIAN_POINT('Origin',(35.075,60.175,3.));
#5947=CARTESIAN_POINT('Origin',(52.0000006556511,86.40192511485,0.));
#5948=CARTESIAN_POINT('',(52.0000006556511,86.40192511485,0.));
#5949=CARTESIAN_POINT('',(50.5000006556511,83.8038489034967,0.));
#5950=CARTESIAN_POINT('',(52.0000006556511,86.40192511485,0.));
#5951=CARTESIAN_POINT('',(50.5000006556511,83.8038489034967,3.));
#5952=CARTESIAN_POINT('',(50.5000006556511,83.8038489034967,0.));
#5953=CARTESIAN_POINT('',(52.0000006556511,86.40192511485,3.));
#5954=CARTESIAN_POINT('',(52.0000006556511,86.40192511485,3.));
#5955=CARTESIAN_POINT('',(52.0000006556511,86.40192511485,0.));
#5956=CARTESIAN_POINT('Origin',(50.5000006556511,89.0000013262032,0.));
#5957=CARTESIAN_POINT('',(50.5000006556511,89.0000013262032,0.));
#5958=CARTESIAN_POINT('',(50.5000006556511,89.0000013262032,0.));
#5959=CARTESIAN_POINT('',(50.5000006556511,89.0000013262032,3.));
#5960=CARTESIAN_POINT('',(50.5000006556511,89.0000013262032,3.));
#5961=CARTESIAN_POINT('',(50.5000006556511,89.0000013262032,0.));
#5962=CARTESIAN_POINT('Origin',(49.0000006556513,86.4019251148498,0.));
#5963=CARTESIAN_POINT('',(49.0000006556513,86.4019251148498,0.));
#5964=CARTESIAN_POINT('',(50.5000006556511,89.0000013262032,0.));
#5965=CARTESIAN_POINT('',(49.0000006556513,86.4019251148498,3.));
#5966=CARTESIAN_POINT('',(50.5000006556511,89.0000013262032,3.));
#5967=CARTESIAN_POINT('',(49.0000006556513,86.4019251148498,0.));
#5968=CARTESIAN_POINT('Origin',(50.5000006556511,83.8038489034967,0.));
#5969=CARTESIAN_POINT('',(49.0000006556513,86.4019251148498,0.));
#5970=CARTESIAN_POINT('',(49.0000006556513,86.4019251148498,3.));
#5971=CARTESIAN_POINT('Origin',(3.025,35.575,0.));
#5972=CARTESIAN_POINT('',(3.025,35.575,0.));
#5973=CARTESIAN_POINT('',(16.025,35.575,0.));
#5974=CARTESIAN_POINT('',(16.025,35.575,0.));
#5975=CARTESIAN_POINT('',(16.025,35.575,3.));
#5976=CARTESIAN_POINT('',(16.025,35.575,0.));
#5977=CARTESIAN_POINT('',(3.025,35.575,3.));
#5978=CARTESIAN_POINT('',(16.025,35.575,3.));
#5979=CARTESIAN_POINT('',(3.025,35.575,0.));
#5980=CARTESIAN_POINT('Origin',(3.025,35.075,0.));
#5981=CARTESIAN_POINT('',(2.525,35.075,0.));
#5982=CARTESIAN_POINT('Origin',(3.025,35.075,0.));
#5983=CARTESIAN_POINT('',(2.525,35.075,3.));
#5984=CARTESIAN_POINT('Origin',(3.025,35.075,3.));
#5985=CARTESIAN_POINT('',(2.525,35.075,0.));
#5986=CARTESIAN_POINT('Origin',(2.525,22.075,0.));
#5987=CARTESIAN_POINT('',(2.525,22.075,0.));
#5988=CARTESIAN_POINT('',(2.525,35.075,0.));
#5989=CARTESIAN_POINT('',(2.525,22.075,3.));
#5990=CARTESIAN_POINT('',(2.525,35.075,3.));
#5991=CARTESIAN_POINT('',(2.525,22.075,0.));
#5992=CARTESIAN_POINT('Origin',(3.025,22.075,0.));
#5993=CARTESIAN_POINT('',(3.025,21.575,0.));
#5994=CARTESIAN_POINT('Origin',(3.025,22.075,0.));
#5995=CARTESIAN_POINT('',(3.025,21.575,3.));
#5996=CARTESIAN_POINT('Origin',(3.025,22.075,3.));
#5997=CARTESIAN_POINT('',(3.025,21.575,0.));
#5998=CARTESIAN_POINT('Origin',(16.025,21.575,0.));
#5999=CARTESIAN_POINT('',(16.025,21.575,0.));
#6000=CARTESIAN_POINT('',(3.025,21.575,0.));
#6001=CARTESIAN_POINT('',(16.025,21.575,3.));
#6002=CARTESIAN_POINT('',(3.025,21.575,3.));
#6003=CARTESIAN_POINT('',(16.025,21.575,0.));
#6004=CARTESIAN_POINT('Origin',(16.025,22.075,0.));
#6005=CARTESIAN_POINT('',(16.525,22.075,0.));
#6006=CARTESIAN_POINT('Origin',(16.025,22.075,0.));
#6007=CARTESIAN_POINT('',(16.525,22.075,3.));
#6008=CARTESIAN_POINT('Origin',(16.025,22.075,3.));
#6009=CARTESIAN_POINT('',(16.525,22.075,0.));
#6010=CARTESIAN_POINT('Origin',(16.525,35.075,0.));
#6011=CARTESIAN_POINT('',(16.525,35.075,0.));
#6012=CARTESIAN_POINT('',(16.525,22.075,0.));
#6013=CARTESIAN_POINT('',(16.525,35.075,3.));
#6014=CARTESIAN_POINT('',(16.525,22.075,3.));
#6015=CARTESIAN_POINT('',(16.525,35.075,0.));
#6016=CARTESIAN_POINT('Origin',(16.025,35.075,0.));
#6017=CARTESIAN_POINT('Origin',(16.025,35.075,0.));
#6018=CARTESIAN_POINT('Origin',(16.025,35.075,3.));
#6019=CARTESIAN_POINT('Origin',(54.0000006556511,83.40192511485,0.));
#6020=CARTESIAN_POINT('',(54.0000006556511,83.40192511485,0.));
#6021=CARTESIAN_POINT('',(52.5000006556511,80.8038489034967,0.));
#6022=CARTESIAN_POINT('',(54.0000006556511,83.40192511485,0.));
#6023=CARTESIAN_POINT('',(52.5000006556511,80.8038489034967,3.));
#6024=CARTESIAN_POINT('',(52.5000006556511,80.8038489034967,0.));
#6025=CARTESIAN_POINT('',(54.0000006556511,83.40192511485,3.));
#6026=CARTESIAN_POINT('',(54.0000006556511,83.40192511485,3.));
#6027=CARTESIAN_POINT('',(54.0000006556511,83.40192511485,0.));
#6028=CARTESIAN_POINT('Origin',(52.5000006556511,86.0000013262032,0.));
#6029=CARTESIAN_POINT('',(52.5000006556511,86.0000013262032,0.));
#6030=CARTESIAN_POINT('',(52.5000006556511,86.0000013262032,0.));
#6031=CARTESIAN_POINT('',(52.5000006556511,86.0000013262032,3.));
#6032=CARTESIAN_POINT('',(52.5000006556511,86.0000013262032,3.));
#6033=CARTESIAN_POINT('',(52.5000006556511,86.0000013262032,0.));
#6034=CARTESIAN_POINT('Origin',(51.0000006556513,83.4019251148498,0.));
#6035=CARTESIAN_POINT('',(51.0000006556513,83.4019251148498,0.));
#6036=CARTESIAN_POINT('',(52.5000006556511,86.0000013262032,0.));
#6037=CARTESIAN_POINT('',(51.0000006556513,83.4019251148498,3.));
#6038=CARTESIAN_POINT('',(52.5000006556511,86.0000013262032,3.));
#6039=CARTESIAN_POINT('',(51.0000006556513,83.4019251148498,0.));
#6040=CARTESIAN_POINT('Origin',(52.5000006556511,80.8038489034967,0.));
#6041=CARTESIAN_POINT('',(51.0000006556513,83.4019251148498,0.));
#6042=CARTESIAN_POINT('',(51.0000006556513,83.4019251148498,3.));
#6043=CARTESIAN_POINT('Origin',(48.0000006556511,80.40192511485,0.));
#6044=CARTESIAN_POINT('',(48.0000006556511,80.40192511485,0.));
#6045=CARTESIAN_POINT('',(46.5000006556511,77.8038489034967,0.));
#6046=CARTESIAN_POINT('',(48.0000006556511,80.40192511485,0.));
#6047=CARTESIAN_POINT('',(46.5000006556511,77.8038489034967,3.));
#6048=CARTESIAN_POINT('',(46.5000006556511,77.8038489034967,0.));
#6049=CARTESIAN_POINT('',(48.0000006556511,80.40192511485,3.));
#6050=CARTESIAN_POINT('',(48.0000006556511,80.40192511485,3.));
#6051=CARTESIAN_POINT('',(48.0000006556511,80.40192511485,0.));
#6052=CARTESIAN_POINT('Origin',(46.5000006556511,83.0000013262032,0.));
#6053=CARTESIAN_POINT('',(46.5000006556511,83.0000013262032,0.));
#6054=CARTESIAN_POINT('',(46.5000006556511,83.0000013262032,0.));
#6055=CARTESIAN_POINT('',(46.5000006556511,83.0000013262032,3.));
#6056=CARTESIAN_POINT('',(46.5000006556511,83.0000013262032,3.));
#6057=CARTESIAN_POINT('',(46.5000006556511,83.0000013262032,0.));
#6058=CARTESIAN_POINT('Origin',(45.0000006556513,80.4019251148498,0.));
#6059=CARTESIAN_POINT('',(45.0000006556513,80.4019251148498,0.));
#6060=CARTESIAN_POINT('',(46.5000006556511,83.0000013262032,0.));
#6061=CARTESIAN_POINT('',(45.0000006556513,80.4019251148498,3.));
#6062=CARTESIAN_POINT('',(46.5000006556511,83.0000013262032,3.));
#6063=CARTESIAN_POINT('',(45.0000006556513,80.4019251148498,0.));
#6064=CARTESIAN_POINT('Origin',(46.5000006556511,77.8038489034967,0.));
#6065=CARTESIAN_POINT('',(45.0000006556513,80.4019251148498,0.));
#6066=CARTESIAN_POINT('',(45.0000006556513,80.4019251148498,3.));
#6067=CARTESIAN_POINT('Origin',(65.1499992918783,-7.99999999999999,0.));
#6068=CARTESIAN_POINT('',(65.1499992918783,-10.,0.));
#6069=CARTESIAN_POINT('',(67.1499992918783,-8.,0.));
#6070=CARTESIAN_POINT('Origin',(65.1499992918783,-7.99999999999999,0.));
#6071=CARTESIAN_POINT('',(67.1499992918783,-8.00000000000001,3.));
#6072=CARTESIAN_POINT('',(67.1499992918783,-8.,0.));
#6073=CARTESIAN_POINT('',(65.1499992918783,-10.,3.));
#6074=CARTESIAN_POINT('Origin',(65.1499992918783,-7.99999999999999,3.));
#6075=CARTESIAN_POINT('',(65.1499992918783,-10.,0.));
#6076=CARTESIAN_POINT('Origin',(2.525,-10.,0.));
#6077=CARTESIAN_POINT('',(2.525,-10.,0.));
#6078=CARTESIAN_POINT('',(65.1499992918783,-10.,0.));
#6079=CARTESIAN_POINT('',(2.525,-10.,3.));
#6080=CARTESIAN_POINT('',(65.1499992918783,-10.,3.));
#6081=CARTESIAN_POINT('',(2.525,-10.,0.));
#6082=CARTESIAN_POINT('Origin',(-5.00000014901161,-10.0000001490116,0.));
#6083=CARTESIAN_POINT('',(-5.00000014901161,-10.0000001490116,0.));
#6084=CARTESIAN_POINT('',(2.525,-10.,0.));
#6085=CARTESIAN_POINT('',(-5.00000014901161,-10.0000001490116,3.));
#6086=CARTESIAN_POINT('',(2.525,-10.,3.));
#6087=CARTESIAN_POINT('',(-5.00000014901161,-10.0000001490116,0.));
#6088=CARTESIAN_POINT('Origin',(-5.50000014901162,-10.0000001341105,0.));
#6089=CARTESIAN_POINT('',(-5.50000014901161,-10.,0.));
#6090=CARTESIAN_POINT('',(-8.00000020861625,-10.0000000596046,0.));
#6091=CARTESIAN_POINT('',(-5.50000014901161,-10.,3.));
#6092=CARTESIAN_POINT('',(-8.00000020861625,-10.0000000596046,3.));
#6093=CARTESIAN_POINT('',(-5.50000014901161,-10.,0.));
#6094=CARTESIAN_POINT('Origin',(-8.00000020861625,-10.,0.));
#6095=CARTESIAN_POINT('',(-8.00000020861625,-10.,0.));
#6096=CARTESIAN_POINT('',(-10.0000001490116,-10.,0.));
#6097=CARTESIAN_POINT('',(-8.00000020861625,-10.,3.));
#6098=CARTESIAN_POINT('',(-10.0000001490116,-10.,3.));
#6099=CARTESIAN_POINT('',(-8.00000020861625,-10.,0.));
#6100=CARTESIAN_POINT('Origin',(-8.00000014901161,-8.00000005960464,0.));
#6101=CARTESIAN_POINT('',(-10.0000001490116,-8.00000005960464,0.));
#6102=CARTESIAN_POINT('Origin',(-8.00000014901161,-8.00000005960464,0.));
#6103=CARTESIAN_POINT('',(-10.0000001490116,-8.00000005960465,3.));
#6104=CARTESIAN_POINT('Origin',(-8.00000014901161,-8.00000005960464,3.));
#6105=CARTESIAN_POINT('',(-10.0000001490116,-8.00000005960464,0.));
#6106=CARTESIAN_POINT('Origin',(-10.0000001490116,104.8,0.));
#6107=CARTESIAN_POINT('',(-10.0000001490116,104.8,0.));
#6108=CARTESIAN_POINT('',(-10.0000001490116,102.3,0.));
#6109=CARTESIAN_POINT('',(-10.0000001490116,104.8,3.));
#6110=CARTESIAN_POINT('',(-10.0000001490116,102.3,3.));
#6111=CARTESIAN_POINT('',(-10.0000001490116,104.8,0.));
#6112=CARTESIAN_POINT('Origin',(-8.00000014901162,104.8,0.));
#6113=CARTESIAN_POINT('',(-8.00000014901161,106.8,0.));
#6114=CARTESIAN_POINT('Origin',(-8.00000014901162,104.8,0.));
#6115=CARTESIAN_POINT('',(-8.00000014901161,106.8,3.));
#6116=CARTESIAN_POINT('Origin',(-8.00000014901162,104.8,3.));
#6117=CARTESIAN_POINT('',(-8.00000014901161,106.8,0.));
#6118=CARTESIAN_POINT('Origin',(65.1499992918783,106.8,0.));
#6119=CARTESIAN_POINT('',(65.1499992918783,106.8,0.));
#6120=CARTESIAN_POINT('',(67.1499992918783,106.8,0.));
#6121=CARTESIAN_POINT('',(65.1499992918783,106.8,3.));
#6122=CARTESIAN_POINT('',(67.1499992918783,106.8,3.));
#6123=CARTESIAN_POINT('',(65.1499992918783,106.8,0.));
#6124=CARTESIAN_POINT('Origin',(65.1499992918783,104.8,0.));
#6125=CARTESIAN_POINT('',(67.1499992918783,104.8,0.));
#6126=CARTESIAN_POINT('Origin',(65.1499992918783,104.8,0.));
#6127=CARTESIAN_POINT('',(67.1499992918783,104.8,3.));
#6128=CARTESIAN_POINT('Origin',(65.1499992918783,104.8,3.));
#6129=CARTESIAN_POINT('',(67.1499992918783,104.8,0.));
#6130=CARTESIAN_POINT('Origin',(67.1499992918783,-8.,0.));
#6131=CARTESIAN_POINT('',(67.1499992918783,-5.5,0.));
#6132=CARTESIAN_POINT('',(67.1499992918783,-5.5,3.));
#6133=CARTESIAN_POINT('Origin',(28.5749995714334,48.3999999254942,3.));
#6134=CARTESIAN_POINT('Origin',(28.5749995714334,48.3999999254942,0.));
#6135=UNCERTAINTY_MEASURE_WITH_UNIT(LENGTH_MEASURE(0.01),#6139,
'DISTANCE_ACCURACY_VALUE',
'Maximum model space distance between geometric entities at asserted c
onnectivities');
#6136=UNCERTAINTY_MEASURE_WITH_UNIT(LENGTH_MEASURE(0.01),#6139,
'DISTANCE_ACCURACY_VALUE',
'Maximum model space distance between geometric entities at asserted c
onnectivities');
#6137=(
GEOMETRIC_REPRESENTATION_CONTEXT(3)
GLOBAL_UNCERTAINTY_ASSIGNED_CONTEXT((#6135))
GLOBAL_UNIT_ASSIGNED_CONTEXT((#6139,#6141,#6142))
REPRESENTATION_CONTEXT('','3D')
);
#6138=(
GEOMETRIC_REPRESENTATION_CONTEXT(3)
GLOBAL_UNCERTAINTY_ASSIGNED_CONTEXT((#6136))
GLOBAL_UNIT_ASSIGNED_CONTEXT((#6139,#6141,#6142))
REPRESENTATION_CONTEXT('','3D')
);
#6139=(
LENGTH_UNIT()
NAMED_UNIT(*)
SI_UNIT(.MILLI.,.METRE.)
);
#6140=(
LENGTH_UNIT()
NAMED_UNIT(*)
SI_UNIT($,.METRE.)
);
#6141=(
NAMED_UNIT(*)
PLANE_ANGLE_UNIT()
SI_UNIT($,.RADIAN.)
);
#6142=(
NAMED_UNIT(*)
SI_UNIT($,.STERADIAN.)
SOLID_ANGLE_UNIT()
);
#6143=SHAPE_DEFINITION_REPRESENTATION(#6144,#6145);
#6144=PRODUCT_DEFINITION_SHAPE('',$,#6147);
#6145=SHAPE_REPRESENTATION('',(#3771),#6137);
#6146=PRODUCT_DEFINITION_CONTEXT('part definition',#6151,'design');
#6147=PRODUCT_DEFINITION('2026-08-07-14-00-54-501','plate v2',#6148,#6146);
#6148=PRODUCT_DEFINITION_FORMATION('',$,#6153);
#6149=PRODUCT_RELATED_PRODUCT_CATEGORY('plate v2','plate v2',(#6153));
#6150=APPLICATION_PROTOCOL_DEFINITION('international standard',
'automotive_design',2009,#6151);
#6151=APPLICATION_CONTEXT(
'Core Data for Automotive Mechanical Design Process');
#6152=PRODUCT_CONTEXT('part definition',#6151,'mechanical');
#6153=PRODUCT('2026-08-07-14-00-54-501','plate v2',$,(#6152));
#6154=PRESENTATION_STYLE_ASSIGNMENT((#6155));
#6155=SURFACE_STYLE_USAGE(.BOTH.,#6156);
#6156=SURFACE_SIDE_STYLE('',(#6157));
#6157=SURFACE_STYLE_FILL_AREA(#6158);
#6158=FILL_AREA_STYLE('Steel - Satin',(#6159));
#6159=FILL_AREA_STYLE_COLOUR('Steel - Satin',#6160);
#6160=COLOUR_RGB('Steel - Satin',0.627450980392157,0.627450980392157,0.627450980392157);
ENDSEC;
END-ISO-10303-21;
